chr	pos_hg38	ref_allele	risk_allele	weight	rsid
chr1	959139	A	G	0.05	rs115438739
chr1	1127258	A	C	-0.016	rs9442373
chr1	1748780	A	G	0.021	rs1014988
chr1	2115499	T	G	-0.019	rs3128339
chr1	3014876	T	C	0.024	rs4486390
chr1	3303459	T	C	-0.02	rs76611986
chr1	3387167	A	G	0.026	rs2065524
chr1	3412095	T	C	-0.032	rs2493292
chr1	5221615	C	A	0.019	rs7511635
chr1	6459964	A	C	-0.029	rs3138159
chr1	6616425	G	T	-0.026	rs12731208
chr1	6818311	G	T	0.032	rs11120771
chr1	7788883	A	G	0.028	rs228726
chr1	8429242	T	C	-0.025	rs301799
chr1	8683651	G	A	-0.02	rs6693009
chr1	10618553	A	G	0.029	rs284237
chr1	10640391	C	T	-0.033	rs2128416
chr1	10741528	A	G	-0.039	rs4845843
chr1	11764076	C	A	-0.024	rs4845875
chr1	11823674	T	C	0.071	rs12567136
chr1	11876267	C	A	-0.018	rs9661078
chr1	11913466	C	A	0.063	rs34550591
chr1	11939499	A	G	-0.029	rs6682230
chr1	13472477	C	T	0.017	rs3124989
chr1	15165536	G	A	0.022	rs7540957
chr1	15670363	G	A	0.017	rs7556473
chr1	15981952	C	T	-0.022	rs848309
chr1	20546201	T	C	-0.017	rs667357
chr1	20808104	A	G	-0.016	rs12030051
chr1	21065382	C	T	0.017	rs1354792
chr1	24561475	C	A	0.018	rs9424385
chr1	24703979	T	C	-0.029	rs6686889
chr1	24926161	T	C	-0.044	rs111802397
chr1	24946709	C	T	-0.016	rs7551188
chr1	24996286	G	A	-0.019	rs10794668
chr1	25006773	A	G	0.034	rs12058910
chr1	25068642	A	G	-0.031	rs448385
chr1	25092951	G	A	-0.019	rs311464
chr1	25356601	A	G	0.027	rs3093653
chr1	26661155	G	A	-0.074	rs193084249
chr1	26842709	G	T	-0.033	rs71636784
chr1	26958422	T	C	-0.073	rs79598313
chr1	27386118	A	G	0.034	rs57778433
chr1	27903170	T	C	0.017	rs11247712
chr1	28087733	G	T	0.035	rs113156082
chr1	28390127	G	A	0.016	rs11247797
chr1	28409602	T	C	-0.028	rs78085960
chr1	28958712	A	G	-0.031	rs12083807
chr1	29249503	A	G	-0.035	rs12097349
chr1	34794360	G	A	0.015	rs1764390
chr1	37546396	T	G	-0.03	rs114584677
chr1	39265878	C	T	-0.022	rs4660214
chr1	39529402	T	C	-0.025	rs755249
chr1	40371122	A	G	-0.016	rs209572
chr1	41903033	G	A	0.016	rs2764839
chr1	41942399	C	T	0.026	rs7515635
chr1	42424241	C	T	-0.016	rs12127894
chr1	42813461	T	C	-0.023	rs323713
chr1	43361519	A	C	-0.024	rs11210838
chr1	43378931	C	T	-0.021	rs11586272
chr1	45292839	G	A	-0.027	rs11586623
chr1	45473464	T	C	-0.034	rs12138348
chr1	45685008	C	T	0.038	rs116482300
chr1	45895481	A	G	-0.052	rs74362691
chr1	46076007	G	T	-0.031	rs12142296
chr1	46172865	C	T	0.017	rs6686661
chr1	46217808	A	G	0.03	rs138938221
chr1	46259320	A	G	-0.051	rs28363211
chr1	47575979	G	T	-0.053	rs2457049
chr1	56140534	A	G	-0.024	rs778124
chr1	56294505	T	C	0.017	rs12563597
chr1	56514009	G	A	-0.036	rs61772592
chr1	58324829	T	C	0.022	rs11207196
chr1	61189569	A	G	0.025	rs11207709
chr1	62004562	G	T	0.019	rs72677920
chr1	65495616	T	C	0.027	rs61218937
chr1	66649401	G	A	-0.018	rs1925341
chr1	70947641	T	C	0.014	rs622721
chr1	72109877	G	A	0.024	rs2821248
chr1	72155780	T	C	-0.03	rs12124523
chr1	72474590	G	A	-0.023	rs10789340
chr1	75867667	A	G	0.031	rs5745437
chr1	79790416	C	T	0.019	rs72933784
chr1	84426331	C	T	0.023	rs6576704
chr1	88157983	C	T	0.029	rs12086697
chr1	88456835	C	T	-0.024	rs67290665
chr1	88632697	C	T	-0.021	rs12039668
chr1	88652648	A	G	0.067	rs76077988
chr1	88677959	T	C	0.035	rs78356357
chr1	88893860	C	A	-0.026	rs10922500
chr1	88938046	C	A	0.035	rs60436973
chr1	89035109	T	G	-0.025	rs10922552
chr1	89627456	C	T	-0.016	rs1215502
chr1	91020398	C	T	0.022	rs41286767
chr1	91523362	G	T	0.024	rs13447553
chr1	92196325	T	C	-0.027	rs80105455
chr1	92580229	G	A	0.028	rs4847327
chr1	92846204	G	T	0.029	rs2774940
chr1	93058488	G	T	0.038	rs12145044
chr1	93368437	A	G	0.05	rs76187824
chr1	93620510	T	G	0.055	rs74528956
chr1	94130746	T	C	-0.015	rs11165084
chr1	94262068	A	G	-0.023	rs12069420
chr1	96354006	C	A	-0.021	rs325952
chr1	96371371	T	C	0.039	rs7514373
chr1	96417115	A	C	-0.019	rs505066
chr1	97228302	A	G	-0.017	rs1931072
chr1	99067595	G	A	0.021	rs2391972
chr1	107399938	A	C	0.019	rs33955687
chr1	109578436	A	C	-0.027	rs145129276
chr1	110676298	T	C	-0.015	rs2821557
chr1	110788378	A	C	0.02	rs4839566
chr1	110861433	G	T	-0.019	rs6693583
chr1	111828449	C	A	-0.016	rs2078337
chr1	112476952	C	T	-0.03	rs1175650
chr1	112483912	A	G	-0.036	rs971791
chr1	112504257	A	C	-0.08	rs3790604
chr1	112673015	T	C	-0.025	rs12030612
chr1	112706169	A	C	0.025	rs12144044
chr1	112889164	A	G	-0.016	rs1539624
chr1	113819148	G	A	0.033	rs79938023
chr1	114750732	T	C	-0.059	rs116123382
chr1	115284645	T	G	-0.134	rs59980837
chr1	115295661	T	G	0.016	rs2856811
chr1	115457703	C	A	-0.039	rs494173
chr1	116481869	T	G	0.017	rs1176387
chr1	145889850	G	T	-0.036	rs16827018
chr1	145788436	A	G	-0.018	rs10910836
chr1	149882774	C	T	0.046	rs17581380
chr1	150559900	A	G	-0.042	rs56411234
chr1	150579566	A	G	-0.02	rs16837903
chr1	150877559	G	A	-0.028	rs7517566
chr1	151072471	T	C	-0.038	rs116537710
chr1	153976229	T	C	0.024	rs11264763
chr1	154250625	A	G	0.015	rs12028554
chr1	156232849	T	C	0.015	rs2736609
chr1	163172110	C	T	0.048	rs143860466
chr1	163261213	G	A	0.023	rs6692465
chr1	163292128	T	C	0.027	rs78215522
chr1	163300166	G	A	-0.019	rs17358345
chr1	163633739	C	T	-0.016	rs1934229
chr1	165701721	C	T	-0.024	rs1547725
chr1	171924740	G	A	-0.021	rs12135871
chr1	172234754	A	G	-0.02	rs12402966
chr1	175173326	G	A	-0.029	rs3766696
chr1	184611116	T	C	-0.019	rs4651223
chr1	184688117	C	T	-0.018	rs9425633
chr1	184832928	G	A	-0.03	rs603160
chr1	193154091	C	T	0.024	rs12090626
chr1	193422168	T	G	-0.021	rs16829482
chr1	198803131	G	T	-0.023	rs12142313
chr1	201815159	C	A	-0.022	rs2820292
chr1	203156882	T	C	0.035	rs12757371
chr1	203744005	A	G	-0.022	rs568
chr1	204206451	G	A	0.021	rs4373805
chr1	204349869	T	C	0.016	rs4951068
chr1	204577819	C	T	-0.023	rs2125855
chr1	205705769	T	C	0.032	rs111299170
chr1	209846668	A	C	0.019	rs3766612
chr1	210130974	T	C	0.024	rs2046850
chr1	210139686	G	A	-0.022	rs77037886
chr1	213691628	A	G	-0.018	rs4655461
chr1	215178043	C	T	0.038	rs7551303
chr1	217564287	T	C	-0.026	rs68085857
chr1	218368650	C	T	-0.02	rs61823391
chr1	220962619	T	C	0.032	rs10495160
chr1	221173632	C	T	-0.026	rs17517959
chr1	226430681	C	A	-0.016	rs10915993
chr1	227333731	A	G	-0.025	rs78720247
chr1	227916858	T	C	-0.02	rs59657202
chr1	227925735	C	T	0.037	rs74140812
chr1	228003664	A	G	-0.03	rs708111
chr1	228257486	G	A	0.021	rs4653933
chr1	230694101	A	G	0.022	rs12723373
chr1	230713422	T	C	-0.03	rs7539013
chr1	230732906	C	T	-0.03	rs2478516
chr1	230939828	T	C	-0.027	rs1933629
chr1	231166610	C	T	0.024	rs9431947
chr1	232393998	G	A	0.022	rs10158347
chr1	232576138	C	A	0.017	rs1285679
chr1	232891003	T	C	-0.037	rs60802415
chr1	233961578	G	A	-0.023	rs4307614
chr1	233995400	A	G	0.022	rs1937260
chr1	243257086	G	A	-0.027	rs3897821
chr2	7276130	T	G	-0.015	rs10205728
chr2	11450453	G	A	-0.014	rs6432195
chr2	18700834	A	G	-0.015	rs6745716
chr2	20524934	T	G	0.017	rs11899825
chr2	20610264	A	C	0.038	rs55766730
chr2	23111176	G	A	0.014	rs7587314
chr2	23221576	C	T	-0.02	rs11124941
chr2	23397375	C	T	0.02	rs920271
chr2	24584664	T	C	-0.03	rs11688048
chr2	25018517	G	T	0.041	rs188315257
chr2	25232520	A	G	-0.026	rs752208
chr2	25287407	T	C	0.019	rs11677670
chr2	26581275	C	T	0.017	rs744540
chr2	26604422	A	G	-0.053	rs35766826
chr2	26706228	A	G	-0.039	rs74887298
chr2	26706414	G	T	0.06	rs13394970
chr2	26875898	A	G	0.022	rs12615509
chr2	27161711	G	A	-0.019	rs7588910
chr2	28107204	G	A	-0.032	rs72854468
chr2	28406476	T	G	0.023	rs6547850
chr2	28439508	T	C	-0.035	rs10199186
chr2	28776470	G	A	0.017	rs6728459
chr2	30390224	T	C	0.017	rs1357851
chr2	35964567	C	T	-0.016	rs935919
chr2	37002883	T	C	0.023	rs62133080
chr2	37021781	T	G	-0.022	rs111805423
chr2	37224902	T	C	0.041	rs72875755
chr2	37233091	G	A	0.024	rs2372888
chr2	37760537	C	T	-0.021	rs13403092
chr2	37839084	C	T	-0.018	rs7598027
chr2	40357590	T	C	-0.016	rs6544325
chr2	42668676	A	G	0.021	rs10865184
chr2	42863650	G	A	0.021	rs62137162
chr2	42908675	G	A	0.024	rs12712867
chr2	42931402	A	G	0.017	rs11689842
chr2	42976307	A	G	0.042	rs79744918
chr2	43048232	T	C	-0.043	rs112812240
chr2	43167642	T	C	0.028	rs2052926
chr2	43221519	G	A	0.02	rs6710055
chr2	43505819	T	C	0.032	rs3764769
chr2	43611824	A	G	0.065	rs77256758
chr2	43636727	A	G	0.024	rs9309103
chr2	43908175	A	G	0.024	rs13387221
chr2	44774325	A	G	-0.02	rs343953
chr2	45637439	G	A	0.02	rs938662
chr2	45719970	C	A	0.017	rs6728564
chr2	46958691	T	C	-0.029	rs3814035
chr2	47549252	A	C	0.057	rs62140884
chr2	50015696	G	A	0.017	rs6755887
chr2	52325159	A	C	0.017	rs2244201
chr2	53624965	C	T	0.016	rs6735011
chr2	53630389	T	C	-0.019	rs72793611
chr2	54079641	T	G	-0.034	rs17189638
chr2	54271075	C	T	0.031	rs12465259
chr2	54634035	G	A	-0.019	rs2971882
chr2	55060699	C	T	-0.016	rs2968796
chr2	57841606	A	G	0.023	rs1106090
chr2	58316701	A	G	0.048	rs116242176
chr2	58606358	G	A	0.018	rs6731302
chr2	58724052	G	A	-0.016	rs2708149
chr2	61041157	C	T	0.026	rs2698189
chr2	61146795	T	C	0.025	rs2441466
chr2	61477316	C	T	0.028	rs11692449
chr2	63988614	T	C	-0.016	rs13023231
chr2	64453833	G	A	-0.017	rs6729083
chr2	65049318	C	T	0.024	rs1009358
chr2	66544731	C	T	-0.018	rs10194077
chr2	68158823	T	C	-0.016	rs6742014
chr2	68782172	T	C	0.021	rs2271834
chr2	68852033	G	A	0.019	rs10187334
chr2	69464470	A	C	0.017	rs55902961
chr2	73185641	A	C	-0.055	rs150305200
chr2	78876387	T	C	-0.018	rs1521955
chr2	78920802	A	G	0.022	rs72814617
chr2	79960843	T	C	0.014	rs6752828
chr2	85844953	A	G	-0.02	rs2280312
chr2	85886159	C	T	0.02	rs7565996
chr2	95758234	T	C	-0.02	rs2005613
chr2	96087401	A	G	-0.022	rs2692938
chr2	97716827	C	T	-0.027	rs11683207
chr2	97905360	A	C	-0.016	rs58546246
chr2	98368016	T	C	0.029	rs62156320
chr2	100962080	C	T	-0.021	rs6738097
chr2	104797759	T	C	0.023	rs72830474
chr2	105511360	G	A	0.027	rs61093635
chr2	106872542	T	C	-0.016	rs11678837
chr2	109425325	G	A	0.036	rs56060408
chr2	110996971	C	T	0.015	rs6760171
chr2	111051753	A	C	0.022	rs2880119
chr2	111112643	C	T	-0.036	rs2289321
chr2	112019402	A	C	0.021	rs3811640
chr2	112243752	G	A	-0.017	rs2312459
chr2	112729303	G	A	0.043	rs112903399
chr2	112801309	G	A	0.016	rs11676014
chr2	112939261	A	G	0.031	rs11676969
chr2	113052709	A	G	0.029	rs1992761
chr2	113066049	C	T	-0.015	rs12475161
chr2	113346389	A	C	0.024	rs56093896
chr2	113691575	T	C	-0.015	rs11900605
chr2	116254103	A	G	-0.016	rs4849453
chr2	116801119	C	T	0.017	rs1515132
chr2	117135388	T	G	0.017	rs10204729
chr2	120579704	T	C	0.021	rs9677933
chr2	120593016	C	T	0.016	rs6713053
chr2	121098303	T	C	-0.018	rs13420652
chr2	121249802	C	A	-0.017	rs2119021
chr2	127979112	C	T	0.016	rs6707284
chr2	131394906	G	A	-0.021	rs72856885
chr2	137517964	A	C	-0.017	rs1900844
chr2	141583822	C	T	0.018	rs77397926
chr2	141710903	T	C	0.029	rs17801458
chr2	141728684	A	G	-0.02	rs13024316
chr2	142119540	G	A	0.021	rs12988578
chr2	143316252	G	A	-0.017	rs12053541
chr2	143505188	G	A	-0.031	rs4392188
chr2	144456854	T	C	0.016	rs1427298
chr2	144745806	G	A	-0.019	rs6707047
chr2	144869702	G	A	-0.032	rs2918594
chr2	145002154	A	G	0.024	rs2950790
chr2	145286484	G	A	-0.016	rs1822881
chr2	146119354	T	C	0.019	rs62169493
chr2	147143639	A	G	0.016	rs1451077
chr2	152943480	A	G	0.017	rs34776824
chr2	157639990	C	A	-0.022	rs1941929
chr2	158553701	C	A	0.022	rs78940046
chr2	158735974	G	A	-0.016	rs2528634
chr2	158751443	T	C	0.039	rs114611189
chr2	160015886	C	T	-0.022	rs4665135
chr2	160672670	G	A	0.022	rs78435371
chr2	160891928	A	G	-0.018	rs56183833
chr2	161375574	C	T	0.038	rs62188121
chr2	161631581	A	G	0.043	rs62187657
chr2	161888036	C	T	0.042	rs62188801
chr2	161923448	C	T	-0.016	rs6432705
chr2	162895023	A	G	0.032	rs62168888
chr2	163201426	T	C	0.038	rs12478187
chr2	163711791	T	C	0.036	rs13001293
chr2	163875599	C	T	-0.024	rs6728849
chr2	163977170	G	A	0.017	rs6748298
chr2	164018107	C	T	0.051	rs34315310
chr2	164193618	G	T	0.033	rs6726740
chr2	164475545	G	T	0.023	rs10930127
chr2	166390781	G	T	0.016	rs7590726
chr2	166956472	G	A	-0.045	rs73969936
chr2	168434502	T	G	-0.015	rs2601097
chr2	169625217	A	G	0.024	rs76360526
chr2	174074355	A	G	-0.024	rs35145102
chr2	174280214	G	A	-0.02	rs35877502
chr2	174306064	A	G	0.022	rs13017832
chr2	174389096	C	A	0.023	rs2358668
chr2	174466210	C	T	0.018	rs12151707
chr2	174694076	A	G	-0.026	rs2358891
chr2	175290059	T	C	-0.044	rs114731436
chr2	176002028	A	G	0.051	rs79273881
chr2	176160135	A	G	-0.017	rs2857539
chr2	176654020	C	T	-0.019	rs7585434
chr2	180552282	C	T	-0.019	rs13025932
chr2	180703280	G	A	0.018	rs12622267
chr2	181119759	G	A	-0.02	rs6747797
chr2	182096544	T	C	0.024	rs1400003
chr2	182414803	A	G	0.021	rs10497599
chr2	182418568	G	A	-0.044	rs16823201
chr2	182425301	A	G	-0.019	rs10931012
chr2	182511513	C	A	-0.064	rs149106235
chr2	184123648	T	C	-0.015	rs17582253
chr2	184594817	T	C	0.016	rs1978573
chr2	187235912	T	C	0.021	rs1918898
chr2	187489192	A	G	0.017	rs8176498
chr2	187549434	C	T	0.023	rs10187622
chr2	190731124	C	A	0.019	rs10203824
chr2	192904803	G	A	-0.018	rs2357461
chr2	199201948	T	G	-0.019	rs7568495
chr2	204228637	T	G	0.016	rs11690717
chr2	205102177	A	G	0.017	rs13003093
chr2	206024778	T	C	-0.028	rs115796127
chr2	207067647	G	A	0.016	rs17215596
chr2	207093096	C	T	-0.033	rs62188616
chr2	207154540	C	T	-0.017	rs2269071
chr2	207381533	G	T	-0.018	rs2194375
chr2	207644858	C	T	-0.021	rs9751478
chr2	207980942	G	A	0.029	rs62190863
chr2	210804995	A	C	-0.02	rs9679519
chr2	217818431	G	A	0.016	rs2571445
chr2	217982369	A	C	0.026	rs1579406
chr2	218669171	C	T	-0.015	rs2710246
chr2	224441115	T	C	0.023	rs1642922
chr2	225052252	C	T	-0.015	rs415130
chr2	226257500	T	G	-0.02	rs1515110
chr2	227329937	T	C	-0.017	rs34828267
chr2	232459781	C	A	-0.045	rs2678481
chr2	233391273	A	G	0.021	rs706848
chr2	234871103	C	T	0.028	rs7567791
chr2	236198582	A	G	-0.019	rs56396705
chr2	240727211	A	G	-0.018	rs3772047
chr3	2351034	G	T	0.015	rs4685517
chr3	4492945	C	A	0.017	rs304077
chr3	10483503	G	T	-0.018	rs34891
chr3	11359240	C	A	-0.029	rs2606735
chr3	11631928	T	C	-0.018	rs3856803
chr3	11677939	A	C	-0.019	rs9839629
chr3	14838929	T	C	-0.032	rs9846767
chr3	14852633	T	C	-0.029	rs4685218
chr3	14865227	T	C	0.023	rs2131570
chr3	20076232	A	G	0.021	rs2365369
chr3	20361389	A	G	0.024	rs11719633
chr3	21509997	T	C	-0.015	rs9862072
chr3	21704385	C	A	0.02	rs6784935
chr3	21741069	G	T	-0.017	rs55801703
chr3	23307571	G	A	-0.036	rs80214639
chr3	25040366	A	G	0.017	rs9847186
chr3	25383726	G	A	-0.023	rs6781619
chr3	27129286	A	G	0.032	rs1522153
chr3	27379533	A	G	0.022	rs11709103
chr3	27429243	T	C	-0.047	rs9848210
chr3	27496255	G	A	0.026	rs2643813
chr3	27505831	T	C	0.04	rs601328
chr3	27546640	A	G	-0.045	rs34085137
chr3	27563679	G	A	-0.02	rs11919550
chr3	29335151	T	G	0.017	rs9845524
chr3	35034339	C	T	-0.019	rs12639495
chr3	35100498	C	A	0.034	rs115466119
chr3	35531099	G	A	-0.02	rs12715275
chr3	37853130	T	G	-0.02	rs66531209
chr3	39450438	G	A	-0.016	rs6772037
chr3	39860578	G	A	0.017	rs4676525
chr3	41084235	A	G	0.028	rs1915925
chr3	41256032	T	G	-0.015	rs9849022
chr3	41486043	T	C	-0.028	rs17210774
chr3	45374186	C	A	0.016	rs34324285
chr3	45581401	A	G	-0.016	rs267243
chr3	47612332	T	C	0.021	rs62262084
chr3	47878750	T	C	0.024	rs319681
chr3	48132720	G	A	-0.033	rs6800730
chr3	49281903	T	C	-0.024	rs150429489
chr3	49398273	T	C	0.035	rs143867864
chr3	49710127	T	C	0.036	rs13061156
chr3	52846112	T	G	-0.015	rs6445541
chr3	53531802	T	G	-0.022	rs3774428
chr3	53571685	A	G	-0.077	rs114987861
chr3	53577109	G	A	-0.045	rs2532861
chr3	53639688	A	G	0.025	rs34802409
chr3	53701272	G	A	-0.031	rs2680663
chr3	53708121	G	T	-0.022	rs2680661
chr3	53815978	T	C	-0.03	rs11130381
chr3	54035845	G	A	0.072	rs78016875
chr3	56719634	T	C	0.021	rs6445819
chr3	56951669	A	C	0.017	rs6790228
chr3	60692293	C	T	-0.031	rs1735454
chr3	62122566	G	A	0.015	rs906592
chr3	68727180	C	T	0.017	rs6775453
chr3	70457682	A	G	-0.015	rs11915711
chr3	77537951	A	G	0.016	rs775761
chr3	78579744	G	A	0.022	rs1899891
chr3	78673832	G	A	0.023	rs11920344
chr3	85685429	A	G	-0.017	rs6781999
chr3	111802421	C	T	-0.019	rs9811721
chr3	118733965	G	T	-0.028	rs17522702
chr3	124858443	C	T	0.019	rs11928547
chr3	124924704	T	G	0.018	rs1909583
chr3	125501402	T	C	-0.015	rs9862733
chr3	128179940	T	C	0.033	rs2811477
chr3	128470548	G	T	0.052	rs76594121
chr3	131905253	A	G	-0.02	rs3749262
chr3	132291037	T	C	-0.024	rs16839055
chr3	134059747	A	G	-0.015	rs6765810
chr3	134276223	A	G	-0.028	rs4384926
chr3	134452129	G	A	0.016	rs7650509
chr3	136232079	G	A	-0.03	rs511154
chr3	136536327	G	A	-0.027	rs833752
chr3	136786990	T	C	0.022	rs13075615
chr3	138399143	T	C	-0.034	rs9872754
chr3	138460486	T	C	0.016	rs6763380
chr3	141415727	T	C	-0.045	rs73872717
chr3	141955706	A	C	-0.022	rs9815587
chr3	144036686	G	A	-0.016	rs2164554
chr3	144297852	T	C	-0.019	rs1604685
chr3	150337857	A	G	-0.039	rs7616723
chr3	150458209	A	G	-0.02	rs4423794
chr3	154887407	A	G	0.028	rs75420517
chr3	158081379	A	G	0.024	rs35254732
chr3	158260004	T	C	-0.019	rs73166358
chr3	158564670	T	C	-0.023	rs6441207
chr3	158613042	C	T	0.027	rs9848950
chr3	160285889	C	T	0.02	rs2275151
chr3	160683239	A	C	0.022	rs13072556
chr3	161657792	C	T	-0.015	rs1399913
chr3	161822852	C	T	0.015	rs6779918
chr3	167510673	C	T	-0.043	rs142258694
chr3	167745744	G	T	-0.022	rs7646407
chr3	168863703	G	A	-0.019	rs7633280
chr3	169096418	A	G	0.049	rs56743174
chr3	169160886	G	A	0.019	rs9819362
chr3	169411863	C	T	0.034	rs2421648
chr3	169479545	G	A	0.017	rs2421649
chr3	169586522	T	G	-0.036	rs73174368
chr3	169594053	G	A	-0.023	rs28485388
chr3	169625435	T	G	-0.015	rs6804374
chr3	169759718	G	A	0.022	rs12638862
chr3	177298822	A	G	-0.038	rs112933728
chr3	178661713	T	C	0.044	rs62282972
chr3	181298237	C	T	0.021	rs62289651
chr3	183785229	G	A	0.019	rs263017
chr3	184064857	T	C	-0.033	rs62285815
chr3	184157631	T	C	-0.083	rs71318356
chr3	184270501	A	G	-0.024	rs113776293
chr3	185127756	G	A	-0.017	rs16859665
chr3	185630563	C	T	-0.019	rs4687477
chr3	185770515	A	C	-0.018	rs35430985
chr3	187984022	T	C	-0.029	rs77846345
chr3	197336948	T	C	-0.02	rs2145375
chr4	823384	T	C	0.039	rs6848761
chr4	2220744	C	T	-0.038	rs11931102
chr4	2652120	C	A	0.019	rs2237002
chr4	2681673	C	A	-0.032	rs13139534
chr4	2940346	C	T	0.019	rs1475974
chr4	3297073	C	T	-0.027	rs2051559
chr4	3307545	A	G	-0.017	rs3129308
chr4	3790715	C	T	0.017	rs7440077
chr4	11219742	T	C	-0.042	rs58549997
chr4	15018602	G	A	0.021	rs1948505
chr4	17852432	G	T	-0.023	rs6842303
chr4	17890777	G	T	-0.033	rs13103931
chr4	19474231	T	C	0.035	rs79095744
chr4	20957651	T	C	0.014	rs10155342
chr4	21824103	C	T	-0.016	rs4377576
chr4	25386396	A	G	0.016	rs10033436
chr4	26805114	T	C	-0.029	rs35516283
chr4	36248174	C	T	0.016	rs13130330
chr4	38377874	A	G	0.028	rs6840119
chr4	38454486	G	A	-0.043	rs74692308
chr4	38606180	C	A	-0.019	rs9998440
chr4	41288035	T	C	0.015	rs2123478
chr4	42132514	A	G	-0.036	rs141121949
chr4	42389660	C	T	-0.017	rs62304263
chr4	42781856	C	A	-0.024	rs4861036
chr4	45177866	T	C	-0.016	rs12641981
chr4	51987273	C	T	-0.028	rs78156284
chr4	52997036	C	T	-0.02	rs11943964
chr4	55564241	G	A	0.019	rs2171618
chr4	56660183	C	A	0.017	rs6817875
chr4	69105219	C	A	0.018	rs10028494
chr4	76273957	C	T	-0.021	rs72655587
chr4	76480042	A	G	0.024	rs6532414
chr4	80253438	A	G	-0.092	rs13125101
chr4	80258019	G	A	0.047	rs10009490
chr4	80258836	T	C	-0.083	rs36077257
chr4	83008342	G	A	0.02	rs10857216
chr4	85823685	A	G	-0.031	rs11936781
chr4	88141361	T	G	-0.017	rs13137622
chr4	88879741	T	C	0.018	rs1379932
chr4	88956216	T	C	-0.019	rs6532091
chr4	94941233	T	C	0.019	rs35716337
chr4	95165950	G	A	0.022	rs7694531
chr4	95240573	A	G	-0.016	rs4699413
chr4	101274259	A	G	0.055	rs78009918
chr4	101579095	A	G	-0.018	rs10019711
chr4	101734221	G	T	0.017	rs12509142
chr4	101786634	A	G	0.049	rs17199964
chr4	101868880	T	G	0.016	rs34208976
chr4	102267552	T	C	0.064	rs13107325
chr4	102269072	C	T	-0.019	rs17032400
chr4	102652747	T	C	-0.023	rs228632
chr4	102964347	T	C	0.029	rs7697171
chr4	103337239	T	C	0.016	rs7662107
chr4	104489353	C	A	0.016	rs10034519
chr4	105990164	C	T	-0.038	rs11097909
chr4	105991093	A	C	0.03	rs4142419
chr4	106701343	T	G	0.02	rs2866888
chr4	108096372	A	G	0.021	rs7694643
chr4	108131069	A	G	-0.03	rs28368942
chr4	108325291	A	G	0.021	rs76964762
chr4	110186565	C	A	0.042	rs114290391
chr4	110319122	A	G	-0.065	rs34297584
chr4	110366631	A	G	0.015	rs243971
chr4	110416684	G	A	0.044	rs6533514
chr4	110495136	G	A	0.023	rs12505584
chr4	120009388	T	C	-0.018	rs17008782
chr4	123893269	G	T	0.023	rs13116100
chr4	137337598	C	A	0.019	rs4864410
chr4	137453462	G	A	0.018	rs4864422
chr4	137492090	C	T	-0.028	rs13112145
chr4	142559372	C	T	0.074	rs1425521
chr4	142588655	A	C	-0.03	rs11726084
chr4	142758701	C	T	-0.026	rs331948
chr4	142927325	A	G	0.021	rs13148238
chr4	143250595	G	T	0.029	rs300934
chr4	143438337	T	C	-0.059	rs28925904
chr4	143564184	A	G	0.024	rs11722472
chr4	147132527	A	G	-0.023	rs2357440
chr4	147503834	A	G	-0.017	rs57886575
chr4	147527718	G	A	0.02	rs4639051
chr4	151291334	T	C	0.015	rs13126069
chr4	155342133	C	T	-0.017	rs4593081
chr4	155512156	A	G	0.031	rs2341599
chr4	155562801	G	A	0.03	rs922887
chr4	155712292	T	C	0.042	rs56329057
chr4	155715942	C	T	-0.017	rs4691869
chr4	155777902	A	G	0.023	rs6843197
chr4	156091913	A	C	0.015	rs4550865
chr4	156773499	T	C	0.024	rs4691377
chr4	163053364	G	A	0.016	rs6846180
chr4	176531063	G	A	0.017	rs309768
chr5	202167	T	C	0.016	rs3932940
chr5	677603	A	G	0.015	rs392088
chr5	3686076	G	A	-0.032	rs12521166
chr5	3706083	T	G	-0.027	rs954768
chr5	3740417	C	T	0.015	rs16872363
chr5	4226600	T	C	0.018	rs12522730
chr5	14093479	T	C	-0.02	rs6864072
chr5	14292535	A	G	-0.02	rs30631
chr5	14825480	C	T	-0.017	rs4702056
chr5	18508176	T	C	0.019	rs28821226
chr5	32691310	T	C	0.044	rs10941022
chr5	32760667	T	G	-0.044	rs10044570
chr5	32773169	G	A	0.043	rs72742734
chr5	32832368	A	C	-0.058	rs10059884
chr5	32876104	A	G	-0.045	rs146816907
chr5	32886217	C	T	0.068	rs116044797
chr5	32934984	C	T	-0.028	rs1845501
chr5	32989010	C	T	-0.018	rs13189816
chr5	36719877	T	C	-0.018	rs6451305
chr5	37279380	T	C	0.015	rs13179942
chr5	38466645	A	G	-0.029	rs16903982
chr5	38638322	C	T	-0.015	rs11739752
chr5	43162506	C	T	-0.017	rs10941611
chr5	51239688	T	C	0.016	rs6897940
chr5	51633037	G	A	0.015	rs244545
chr5	52421583	A	G	0.015	rs2161956
chr5	53376186	C	T	-0.015	rs4551019
chr5	53513043	A	G	0.015	rs7736891
chr5	53975590	A	G	-0.021	rs702634
chr5	56345228	T	C	0.021	rs32497
chr5	56402129	T	C	-0.018	rs3846528
chr5	56521061	C	T	-0.024	rs455660
chr5	56565637	T	C	-0.03	rs28650790
chr5	56579886	C	T	0.016	rs6450394
chr5	57715163	T	C	-0.02	rs13162397
chr5	58458178	A	G	-0.018	rs1848510
chr5	60830439	C	T	0.019	rs4410607
chr5	61058695	T	C	-0.018	rs248686
chr5	62159053	T	C	0.027	rs2940584
chr5	62258054	T	C	-0.031	rs10062049
chr5	62403624	T	C	0.017	rs26649
chr5	62655589	T	C	-0.031	rs2216707
chr5	63740510	A	C	-0.018	rs7714850
chr5	63934938	C	T	0.015	rs358534
chr5	64554330	A	C	-0.022	rs4404633
chr5	66894456	T	C	-0.02	rs455651
chr5	68420454	G	T	-0.035	rs16897819
chr5	68736595	C	T	-0.029	rs27687
chr5	68908527	C	T	-0.026	rs139072358
chr5	69036245	T	G	0.02	rs11741847
chr5	69108155	C	T	-0.065	rs78643014
chr5	69459786	T	C	-0.075	rs2044065
chr5	73358492	T	C	-0.039	rs56370736
chr5	73728561	G	T	0.018	rs17552503
chr5	73902040	C	A	0.019	rs283621
chr5	77272467	A	C	0.016	rs832790
chr5	77405914	G	A	0.018	rs6874493
chr5	78533617	C	A	0.025	rs6453401
chr5	87960793	C	T	0.037	rs13354898
chr5	88218187	T	G	0.021	rs371708
chr5	88484615	C	T	0.05	rs17419291
chr5	88505853	G	A	-0.029	rs16903196
chr5	88705981	T	C	-0.03	rs2161228
chr5	88824509	T	C	0.042	rs9986272
chr5	89174513	C	T	0.038	rs17499351
chr5	92719488	T	C	-0.017	rs258952
chr5	96774231	G	T	-0.033	rs27433
chr5	96797092	A	G	-0.023	rs998509
chr5	96812030	G	A	-0.017	rs10045403
chr5	98615912	A	C	0.021	rs72771783
chr5	101715076	A	G	-0.018	rs7723144
chr5	101797575	C	A	-0.022	rs4339320
chr5	107862556	C	T	-0.023	rs80157655
chr5	108540808	T	G	-0.018	rs10477908
chr5	111767321	A	G	0.02	rs1213404
chr5	112195361	C	T	0.03	rs4958011
chr5	112598553	C	T	0.042	rs114111069
chr5	113144407	A	G	-0.019	rs10519336
chr5	114211254	C	T	-0.035	rs115271554
chr5	114259188	T	C	0.026	rs75322996
chr5	114453047	A	C	-0.062	rs116455227
chr5	114463706	A	G	0.02	rs12516818
chr5	114501501	A	G	-0.03	rs1469249
chr5	114545486	G	T	-0.027	rs12517393
chr5	114548372	A	G	0.03	rs10477516
chr5	114731524	A	G	-0.051	rs10491506
chr5	114797979	A	G	0.027	rs11955050
chr5	114884559	C	T	0.034	rs4440352
chr5	115054129	G	A	0.031	rs10061288
chr5	115089816	C	T	0.024	rs9326945
chr5	115994797	A	G	-0.017	rs34498262
chr5	119303767	C	T	0.051	rs114814118
chr5	123166274	A	G	0.038	rs55650102
chr5	123167817	G	A	-0.023	rs10077908
chr5	123296909	A	C	0.017	rs1016593
chr5	123606010	G	A	0.025	rs10519731
chr5	128012123	A	G	0.018	rs1003136
chr5	128271172	C	T	-0.029	rs3805620
chr5	128425606	C	T	-0.049	rs113692401
chr5	128519065	T	C	-0.025	rs6864831
chr5	128570674	G	A	-0.023	rs11241963
chr5	129068533	A	G	-0.016	rs42265
chr5	132371845	G	A	-0.02	rs62384157
chr5	132484106	C	T	-0.02	rs2070731
chr5	133013962	G	T	0.046	rs4705986
chr5	133064252	T	C	0.022	rs58821592
chr5	133310166	G	A	0.022	rs6880509
chr5	134561310	T	C	-0.016	rs4958190
chr5	137698480	T	C	0.022	rs41298968
chr5	137699428	C	T	0.019	rs2905617
chr5	139256266	G	A	-0.027	rs1469688
chr5	141964558	C	T	0.022	rs6580209
chr5	142341680	T	G	-0.017	rs930892
chr5	142438189	A	G	0.017	rs3853476
chr5	143137332	T	C	-0.016	rs246600
chr5	143472486	T	G	-0.016	rs2121152
chr5	148476669	C	T	0.015	rs6580550
chr5	148515142	A	G	-0.019	rs13154725
chr5	148646736	T	C	0.024	rs13163982
chr5	148916116	A	C	0.015	rs1468722
chr5	148955687	C	T	0.048	rs78909293
chr5	149006051	A	G	0.032	rs77114905
chr5	149239145	G	A	-0.019	rs58203769
chr5	151397147	A	G	0.015	rs7701271
chr5	153632626	T	C	0.016	rs7737906
chr5	157882267	T	C	0.038	rs140475729
chr5	157893005	T	C	-0.029	rs62387979
chr5	157918926	T	C	0.021	rs72814595
chr5	158047582	T	C	-0.04	rs1957563
chr5	158073752	A	G	0.022	rs4704768
chr5	158203561	T	C	0.023	rs202804
chr5	158397473	G	A	0.048	rs7701003
chr5	158459136	T	C	-0.041	rs72804586
chr5	158555748	G	T	-0.033	rs2419922
chr5	158608138	C	A	0.039	rs115595248
chr5	158665497	G	A	0.02	rs1290071
chr5	158764760	G	A	0.027	rs11740542
chr5	158918915	G	A	0.026	rs6869051
chr5	158985398	T	G	0.065	rs147405800
chr5	159017266	T	C	0.031	rs36071027
chr5	159048683	G	A	0.06	rs62385431
chr5	159056274	A	G	0.031	rs10064027
chr5	159062307	G	A	0.019	rs7711823
chr5	165960535	T	C	0.018	rs62382151
chr5	166705924	T	C	-0.016	rs6883481
chr5	167700614	T	C	0.019	rs279415
chr5	168815119	C	A	-0.023	rs62378502
chr5	168910357	T	C	-0.038	rs62377186
chr5	173854682	C	T	0.022	rs7731717
chr5	178842125	C	T	0.017	rs11249593
chr6	1603167	A	G	0.016	rs2745593
chr6	1978939	C	T	0.019	rs9328077
chr6	5322923	T	G	-0.016	rs2753254
chr6	6813178	A	G	0.065	rs188852956
chr6	6997897	T	C	0.016	rs7356991
chr6	7168713	G	A	-0.065	rs111747606
chr6	9548052	A	G	0.034	rs9463551
chr6	9551017	G	A	0.018	rs1988599
chr6	11501676	C	T	0.017	rs1094382
chr6	11763118	G	T	0.015	rs2235394
chr6	12922502	T	C	-0.016	rs34343839
chr6	13496372	T	C	0.019	rs9382154
chr6	15066493	C	T	-0.016	rs3846947
chr6	15479132	A	G	-0.026	rs2251828
chr6	15530677	G	A	0.022	rs7760564
chr6	15733424	T	C	0.034	rs75915153
chr6	15819154	T	C	-0.015	rs382182
chr6	20492764	C	T	0.016	rs1042317
chr6	20522059	G	A	0.025	rs6938091
chr6	20666015	G	A	-0.021	rs2206738
chr6	20955101	C	T	0.017	rs7775523
chr6	22139500	A	G	-0.023	rs6934891
chr6	22403911	T	G	0.033	rs2744126
chr6	22445316	T	C	-0.017	rs9393292
chr6	22568305	G	T	-0.02	rs1361697
chr6	22841293	C	T	0.019	rs9356839
chr6	24378997	G	A	-0.025	rs1923170
chr6	24704310	C	T	0.017	rs1053598
chr6	25200186	C	T	0.019	rs7748938
chr6	25319859	T	C	-0.021	rs73396126
chr6	25403479	G	A	-0.028	rs4712930
chr6	25405803	C	T	0.022	rs17317669
chr6	25673045	G	A	-0.04	rs72838866
chr6	25684051	G	A	-0.019	rs4712955
chr6	25699055	A	C	0.023	rs9467570
chr6	25829810	A	C	-0.049	rs3799354
chr6	26044141	G	A	-0.03	rs2032447
chr6	26081992	G	A	-0.063	rs111663960
chr6	26095214	A	G	-0.121	rs143278243
chr6	26111144	T	C	0.038	rs12205050
chr6	26136459	A	C	-0.053	rs77133138
chr6	26208041	A	G	-0.052	rs116337444
chr6	26337828	G	A	0.027	rs4412193
chr6	26448596	A	C	-0.052	rs76558307
chr6	26575758	C	T	0.024	rs1570061
chr6	26860117	C	T	0.017	rs2475068
chr6	26937521	C	T	0.037	rs118077746
chr6	27009849	A	G	-0.046	rs146742336
chr6	27012386	C	A	0.048	rs189487879
chr6	27213922	C	T	-0.036	rs858995
chr6	27273264	T	C	-0.034	rs7759741
chr6	27468164	C	A	0.043	rs12199806
chr6	27513882	A	G	0.024	rs7756377
chr6	27740953	G	A	-0.03	rs6940116
chr6	27779604	G	A	0.051	rs180883102
chr6	27831159	T	C	0.043	rs116719739
chr6	28117050	A	G	-0.058	rs7775795
chr6	28135695	A	G	0.056	rs72851179
chr6	28443691	G	A	0.068	rs72844204
chr6	28458519	A	G	-0.054	rs1041926
chr6	28788945	T	C	0.057	rs116268808
chr6	30994901	A	G	-0.041	rs116306020
chr6	31172291	T	C	0.046	rs116371977
chr6	31355968	A	C	0.076	rs17881233
chr6	31360741	A	G	-0.033	rs56189237
chr6	31739749	A	G	-0.052	rs28381344
chr6	31760490	A	G	0.032	rs2075801
chr6	31882555	C	T	0.045	rs555007
chr6	32064127	A	G	-0.056	rs28732167
chr6	32064966	A	G	-0.029	rs204883
chr6	32602623	C	T	-0.033	rs2516049
chr6	34205553	G	T	-0.036	rs76376137
chr6	34580519	T	C	-0.025	rs2814985
chr6	34832658	T	C	-0.032	rs112563428
chr6	37932008	T	C	0.033	rs34618835
chr6	38176493	G	A	0.031	rs2395694
chr6	38474672	C	A	-0.016	rs4236058
chr6	39188634	A	G	0.028	rs10947786
chr6	39220110	A	G	0.022	rs2815116
chr6	43379567	A	G	-0.028	rs11752783
chr6	43386784	A	G	-0.031	rs6458334
chr6	43791136	A	G	-0.02	rs6905288
chr6	43843237	A	G	-0.023	rs9369425
chr6	50257815	C	A	0.018	rs9369946
chr6	50291443	T	C	0.021	rs13214696
chr6	50292595	T	G	-0.029	rs7774614
chr6	50411354	A	G	-0.042	rs76611746
chr6	50845619	C	T	-0.021	rs2817420
chr6	51003440	A	G	-0.02	rs61325058
chr6	51280796	G	A	-0.024	rs11751804
chr6	51393781	C	T	0.017	rs2504706
chr6	51566731	C	T	-0.018	rs16881581
chr6	51836051	C	T	-0.029	rs11753254
chr6	51969240	G	A	-0.023	rs1080078
chr6	52348860	G	T	0.02	rs4715296
chr6	52388151	A	G	0.018	rs7775435
chr6	53844942	T	C	0.016	rs4715428
chr6	55792403	G	A	0.028	rs62406248
chr6	60676950	T	C	0.018	rs62411916
chr6	61211305	C	A	0.02	rs72874197
chr6	61830577	C	T	0.02	rs17254865
chr6	68925735	A	C	-0.016	rs9363976
chr6	69052102	G	A	-0.024	rs72910629
chr6	69616511	G	A	0.021	rs10455695
chr6	78698215	G	T	0.023	rs147561921
chr6	78787852	G	A	-0.026	rs9343824
chr6	79081265	G	A	-0.027	rs1413969
chr6	79146913	C	T	0.028	rs10484946
chr6	79420601	C	A	-0.02	rs17726513
chr6	90550335	C	T	0.038	rs36061734
chr6	94453430	T	G	-0.019	rs77428836
chr6	96045267	A	G	0.018	rs2224951
chr6	96338814	C	T	0.022	rs2205760
chr6	96619171	T	C	-0.028	rs10457174
chr6	96918884	G	A	-0.018	rs1328126
chr6	96967073	T	C	-0.04	rs35143662
chr6	97917019	G	A	-0.016	rs9482094
chr6	109382859	G	A	-0.019	rs1322815
chr6	109700114	C	T	0.019	rs4947013
chr6	111754054	T	C	0.019	rs9374286
chr6	115107468	A	G	0.016	rs9488534
chr6	117213165	C	T	0.019	rs1166178
chr6	117393722	A	C	0.028	rs9387472
chr6	118291780	A	G	-0.041	rs1630266
chr6	118833183	T	C	-0.017	rs149309025
chr6	120066370	C	T	0.022	rs74505362
chr6	125337329	A	G	0.016	rs12215155
chr6	125907366	A	G	-0.017	rs10782230
chr6	126022112	T	C	-0.023	rs1268123
chr6	126252433	G	T	-0.018	rs6569457
chr6	126387324	G	A	0.025	rs7755075
chr6	126570903	A	C	-0.04	rs11754129
chr6	126689919	G	A	-0.022	rs2746187
chr6	126834336	A	G	-0.052	rs62426328
chr6	126891333	G	A	0.04	rs17054192
chr6	127131790	T	C	0.019	rs2745353
chr6	127232160	T	C	0.046	rs143709822
chr6	127869389	C	T	0.048	rs112796887
chr6	128492449	G	A	0.053	rs76068602
chr6	129141037	G	A	0.031	rs59319869
chr6	130820304	T	C	-0.019	rs7765042
chr6	131090446	G	A	-0.017	rs6928334
chr6	132879046	A	G	-0.034	rs12193642
chr6	133622594	A	C	-0.015	rs2636617
chr6	133676995	C	T	0.046	rs9321410
chr6	133863834	A	G	0.034	rs2105092
chr6	135080233	T	C	-0.03	rs41294854
chr6	137402154	T	C	-0.017	rs6912083
chr6	138553488	T	C	0.053	rs79189747
chr6	139509081	C	A	0.015	rs607342
chr6	139932971	C	T	-0.026	rs62429482
chr6	140189122	T	C	-0.027	rs62431110
chr6	140516155	T	C	-0.031	rs1336371
chr6	141176272	A	G	-0.02	rs4895588
chr6	141771158	A	G	0.036	rs11155202
chr6	142879410	T	C	0.02	rs198683
chr6	143524452	A	G	-0.046	rs55986668
chr6	145343632	C	T	0.035	rs4895670
chr6	147190585	A	G	-0.015	rs485434
chr6	150555048	G	T	0.048	rs57905605
chr6	150616887	T	C	0.032	rs77848533
chr6	150681235	C	T	0.086	rs62434125
chr6	151425451	C	T	-0.022	rs17054363
chr6	151571000	T	C	0.017	rs4869737
chr6	152937741	T	C	0.018	rs17316802
chr6	154551820	T	C	-0.023	rs12205238
chr6	160044259	A	G	0.017	rs688359
chr6	160189731	G	T	-0.027	rs13194446
chr6	162524548	C	T	0.027	rs34587258
chr6	162778435	G	A	0.026	rs7769686
chr6	162941326	A	C	-0.016	rs9365514
chr6	164873910	T	C	0.019	rs9459231
chr6	164905030	A	G	-0.019	rs9355515
chr6	164940742	G	A	0.023	rs73018859
chr6	165748847	C	T	0.024	rs2934849
chr7	1101939	A	G	0.071	rs73050466
chr7	1167002	T	C	-0.016	rs2960856
chr7	1626758	G	A	-0.036	rs34165624
chr7	1713447	T	C	0.022	rs10950336
chr7	1809491	T	C	-0.017	rs4540313
chr7	1848415	A	G	0.028	rs11766944
chr7	2476960	T	C	0.027	rs2906163
chr7	2513352	C	A	0.016	rs286560
chr7	2531021	C	A	-0.042	rs79060661
chr7	4625939	A	G	-0.02	rs1568731
chr7	7182144	T	C	-0.047	rs7803355
chr7	7215848	T	C	-0.02	rs2108790
chr7	7279038	C	T	-0.018	rs7808731
chr7	13701209	A	G	0.024	rs10486081
chr7	16687904	C	T	-0.022	rs3807482
chr7	17064129	C	A	0.015	rs10248539
chr7	17123638	C	A	0.018	rs10085375
chr7	17159811	G	A	-0.015	rs1464907
chr7	18277535	A	G	0.017	rs302172
chr7	18508796	G	A	-0.016	rs17432448
chr7	19009765	A	G	-0.026	rs2107595
chr7	21421200	T	C	0.02	rs39298
chr7	23313895	C	T	0.035	rs17796841
chr7	26346089	C	T	-0.033	rs12537548
chr7	26357619	A	C	0.017	rs1534696
chr7	26383314	T	C	-0.037	rs60600323
chr7	26451614	T	C	-0.027	rs4722596
chr7	27095019	T	C	0.037	rs74458426
chr7	27202998	C	T	-0.057	rs2240042
chr7	27280700	C	T	-0.049	rs4722681
chr7	27309860	T	G	-0.017	rs6462008
chr7	27347082	A	G	-0.041	rs17429037
chr7	27432407	T	G	-0.026	rs28418930
chr7	27464713	G	A	0.02	rs17155270
chr7	27516295	G	A	0.025	rs10951169
chr7	27794234	G	A	-0.021	rs2074580
chr7	30725204	C	T	-0.016	rs4723006
chr7	36133177	A	G	0.017	rs2700894
chr7	36310740	A	G	-0.018	rs2080349
chr7	36830623	A	G	-0.015	rs4723581
chr7	39182194	G	T	0.026	rs78079625
chr7	39234855	C	T	-0.015	rs6958617
chr7	39286879	T	C	0.019	rs4549685
chr7	40426601	T	C	0.024	rs4379368
chr7	41193396	T	C	-0.024	rs117040556
chr7	45971115	C	T	0.017	rs788711
chr7	47506197	C	T	0.017	rs334495
chr7	48716052	T	C	-0.018	rs10258119
chr7	50570766	A	G	-0.021	rs6955526
chr7	52613481	A	G	0.015	rs1372579
chr7	69825410	G	T	-0.034	rs10275721
chr7	70146421	T	C	-0.066	rs6960452
chr7	72009910	A	G	0.024	rs113279217
chr7	74683722	G	A	-0.027	rs7794284
chr7	75567227	A	G	0.019	rs794356
chr7	77777430	A	G	0.018	rs62460739
chr7	78510905	G	A	-0.016	rs11978045
chr7	90827178	G	A	-0.018	rs62468466
chr7	92614405	T	C	0.024	rs42038
chr7	92824888	C	T	0.022	rs2158134
chr7	94483570	T	G	0.022	rs6958142
chr7	94735171	A	G	-0.016	rs10259976
chr7	97820234	A	C	0.02	rs2906872
chr7	99367992	A	G	0.033	rs143524414
chr7	99735325	G	T	0.035	rs45446698
chr7	100058274	G	A	-0.021	rs10281368
chr7	100144470	A	G	0.019	rs4729578
chr7	101702942	T	C	-0.024	rs2529185
chr7	103763501	C	A	-0.021	rs6954479
chr7	106771412	C	T	-0.042	rs17477177
chr7	106780404	C	T	-0.018	rs7791727
chr7	107169662	C	A	0.022	rs61014091
chr7	107432236	C	A	0.02	rs4515482
chr7	109711901	G	A	-0.024	rs28429298
chr7	114578527	T	C	-0.016	rs1229762
chr7	114697597	T	C	-0.019	rs10261050
chr7	115051750	A	G	0.024	rs80014594
chr7	116685272	C	T	0.041	rs38847
chr7	116797552	A	G	0.021	rs1621
chr7	117410459	G	T	-0.051	rs77405793
chr7	117728533	A	G	-0.019	rs739797
chr7	121008431	T	C	-0.015	rs1118142
chr7	122495740	G	A	-0.018	rs55975206
chr7	122880289	T	C	0.032	rs17611963
chr7	123256909	G	A	-0.017	rs10247712
chr7	123610115	T	C	0.02	rs6466874
chr7	123892420	C	T	0.024	rs36044713
chr7	130030572	C	T	0.02	rs4507692
chr7	130235145	A	G	0.05	rs139738489
chr7	130293641	A	C	-0.016	rs10954267
chr7	130388882	T	C	-0.02	rs1558917
chr7	130752717	A	G	-0.025	rs7810507
chr7	131264651	T	G	-0.015	rs4731776
chr7	131268872	C	T	0.036	rs16873941
chr7	131326184	C	T	-0.024	rs3823483
chr7	131482234	G	A	-0.015	rs1684174
chr7	131512908	T	C	0.035	rs112350050
chr7	131775023	C	A	0.015	rs1421361
chr7	131850830	G	A	-0.017	rs113825498
chr7	133378702	G	A	0.028	rs73148945
chr7	133844895	C	A	0.031	rs17167306
chr7	134530651	C	T	0.026	rs1722883
chr7	134698032	T	C	0.015	rs4524734
chr7	135199435	T	C	0.017	rs292585
chr7	139762363	C	T	0.036	rs7798740
chr7	140672499	C	T	-0.02	rs269267
chr7	142947387	A	G	-0.056	rs79243129
chr7	145610962	A	G	0.016	rs850501
chr7	150370590	A	C	0.019	rs3757424
chr7	150615769	A	G	0.021	rs12535208
chr7	150732580	A	G	0.026	rs76379691
chr7	150737384	A	G	-0.022	rs6965571
chr7	150799440	T	C	0.024	rs7781606
chr7	150803432	T	C	-0.026	rs741066
chr7	150889118	T	G	0.029	rs118033050
chr7	150945664	A	C	0.035	rs41313071
chr7	150953887	C	T	0.024	rs2968862
chr7	150993088	T	C	-0.111	rs3918226
chr7	151005953	T	C	0.031	rs2566511
chr7	151006827	T	G	0.021	rs2853796
chr7	151027237	C	T	-0.036	rs6953514
chr7	151173539	A	C	-0.02	rs12533831
chr7	151204523	G	A	0.016	rs310583
chr7	151700257	G	A	-0.019	rs6947064
chr7	155962079	C	T	-0.02	rs10255425
chr7	156528417	A	G	-0.024	rs61169316
chr7	156937994	C	T	-0.02	rs73172008
chr7	157261385	A	G	-0.021	rs1182450
chr8	1768870	A	G	-0.021	rs11136424
chr8	1854545	A	G	-0.019	rs13258335
chr8	4141033	A	G	0.02	rs17069121
chr8	6490683	G	A	-0.018	rs2440406
chr8	8248986	T	C	0.025	rs2948300
chr8	11685081	A	G	0.029	rs28447194
chr8	17342692	C	A	0.028	rs17631367
chr8	17922448	A	G	-0.034	rs74612948
chr8	19294556	G	T	-0.017	rs871668
chr8	23492124	C	A	0.023	rs17089296
chr8	23518139	T	C	-0.024	rs7826620
chr8	23667698	T	C	0.015	rs4872174
chr8	23669899	A	G	0.028	rs77102566
chr8	25784248	C	A	0.017	rs7823561
chr8	26012736	G	A	-0.021	rs1485748
chr8	26034626	T	C	-0.024	rs11135910
chr8	26037427	T	C	-0.018	rs17818981
chr8	26042889	T	G	0.041	rs73563812
chr8	26164955	G	A	0.024	rs55833661
chr8	26188831	G	A	-0.03	rs55833772
chr8	26270368	T	C	-0.056	rs189583044
chr8	26379462	T	C	0.019	rs1064807
chr8	26556473	C	T	-0.026	rs4872453
chr8	26581669	T	C	0.029	rs62491907
chr8	26688051	T	C	-0.05	rs73227659
chr8	30559509	A	G	-0.018	rs62508370
chr8	30996517	G	A	0.021	rs2725371
chr8	39779344	A	C	-0.023	rs57359666
chr8	41713715	C	T	0.016	rs10958696
chr8	49528818	T	C	-0.025	rs10093194
chr8	50703333	G	T	-0.02	rs11998686
chr8	50978648	G	A	-0.027	rs72649639
chr8	51071749	T	C	-0.085	rs115555393
chr8	54356273	G	A	-0.035	rs12543107
chr8	54509209	C	T	-0.018	rs56204645
chr8	59362695	A	G	0.019	rs10957090
chr8	61737989	G	A	-0.016	rs6999120
chr8	63660638	T	C	0.037	rs75368319
chr8	73294347	A	G	0.022	rs7819550
chr8	75386903	A	G	-0.022	rs1812736
chr8	75434074	A	G	-0.053	rs141219399
chr8	75758472	A	G	-0.019	rs10102398
chr8	75804502	G	T	-0.032	rs2977324
chr8	76055557	G	A	-0.024	rs830460
chr8	76322692	T	C	-0.022	rs2222684
chr8	76375231	T	C	-0.019	rs4404888
chr8	80528553	A	G	0.03	rs28401365
chr8	81706566	C	T	-0.025	rs7007207
chr8	81912028	C	T	-0.024	rs13265769
chr8	88148855	A	G	0.029	rs117632084
chr8	88290219	A	G	0.019	rs36013966
chr8	90109918	G	T	-0.02	rs28380191
chr8	94242862	A	G	-0.027	rs2607071
chr8	94975981	T	C	0.023	rs6983948
chr8	100664414	C	T	0.022	rs7831859
chr8	101788876	C	T	0.07	rs73275538
chr8	101817287	A	G	-0.033	rs7000357
chr8	102096879	C	T	0.025	rs73279695
chr8	102863385	G	A	0.017	rs2436851
chr8	104867167	G	A	0.05	rs141770119
chr8	104931335	A	G	0.018	rs7829839
chr8	104965515	C	T	0.039	rs17181782
chr8	104996184	A	G	0.03	rs1521780
chr8	105226253	C	A	-0.02	rs10108728
chr8	105314544	A	C	0.015	rs2069199
chr8	109029943	A	G	0.021	rs7818891
chr8	109096855	T	C	-0.04	rs10110464
chr8	111656633	C	T	-0.016	rs13261451
chr8	112345744	G	A	0.017	rs56403239
chr8	115820106	A	G	-0.021	rs2736224
chr8	117850822	C	T	-0.021	rs11781699
chr8	122868979	A	G	0.018	rs6470120
chr8	123657861	T	C	-0.021	rs4871406
chr8	125404678	A	G	0.017	rs2980872
chr8	125475449	G	T	0.017	rs2980867
chr8	126641968	T	C	0.017	rs10105003
chr8	127171626	G	A	-0.044	rs191785584
chr8	128372649	A	C	0.028	rs4265150
chr8	133217640	A	C	-0.019	rs7826828
chr8	134586022	C	T	-0.02	rs16905190
chr8	140107690	A	G	0.017	rs6994937
chr8	140610614	A	C	-0.026	rs7832054
chr8	140637192	A	C	0.02	rs11996715
chr8	140995146	T	C	-0.018	rs306960
chr8	141253294	C	T	-0.015	rs7014583
chr8	141356987	T	C	-0.044	rs34591516
chr8	141431542	G	A	-0.021	rs12549801
chr8	142918184	G	A	0.026	rs1799998
chr9	13899979	T	C	0.018	rs1359847
chr9	14455078	G	A	0.015	rs7031064
chr9	14588912	A	G	-0.021	rs1047720
chr9	14735055	C	T	-0.021	rs1048070
chr9	14829714	C	T	0.02	rs6474859
chr9	16484872	C	T	-0.017	rs997694
chr9	18668941	C	T	0.021	rs62550596
chr9	19440138	A	G	-0.023	rs10114121
chr9	21366895	T	C	-0.019	rs2480927
chr9	21816759	A	G	-0.016	rs7023954
chr9	24175236	C	T	0.018	rs10124866
chr9	28414917	G	A	-0.019	rs10757739
chr9	33863546	G	A	0.063	rs144255844
chr9	33896079	G	A	-0.025	rs34576091
chr9	34512554	A	G	0.016	rs9657620
chr9	34583638	T	G	0.015	rs13440002
chr9	35902239	A	G	-0.016	rs7864548
chr9	35921697	G	A	-0.035	rs16932756
chr9	35922819	C	T	0.025	rs67687820
chr9	36014681	G	A	-0.023	rs1815303
chr9	37019307	T	C	0.015	rs10814501
chr9	37127681	T	C	0.024	rs13293465
chr9	37482336	T	C	-0.015	rs7033474
chr9	69213118	T	C	-0.035	rs77339850
chr9	72895460	G	A	0.018	rs687428
chr9	80269297	T	C	0.021	rs505492
chr9	83616886	T	C	0.018	rs2811899
chr9	83724091	T	C	0.017	rs4877803
chr9	84025790	T	C	-0.019	rs57769625
chr9	84155584	T	G	0.04	rs7470757
chr9	92568530	A	G	0.068	rs113467371
chr9	92829321	C	A	0.019	rs74623670
chr9	95126448	T	C	-0.032	rs4647512
chr9	96014848	C	T	0.026	rs77749960
chr9	96171926	T	C	0.026	rs12237112
chr9	97750680	A	G	0.037	rs74509660
chr9	99116981	A	C	-0.018	rs2026811
chr9	99304701	T	C	0.019	rs7047384
chr9	106313506	T	C	0.035	rs57832775
chr9	106601865	T	G	-0.021	rs10816399
chr9	106732217	C	T	-0.016	rs2498857
chr9	106859685	G	A	0.024	rs73667299
chr9	107118040	A	G	-0.025	rs72747538
chr9	107282976	C	T	0.029	rs11573607
chr9	109588986	T	C	-0.022	rs1571644
chr9	109933366	G	A	0.039	rs56008118
chr9	109995066	G	A	0.031	rs59400568
chr9	110389433	C	T	0.021	rs2296779
chr9	110487920	T	G	-0.081	rs76038906
chr9	116720306	T	C	0.018	rs10983318
chr9	119422294	T	C	0.023	rs17574227
chr9	119900442	T	G	-0.015	rs9775587
chr9	122890150	G	A	0.026	rs10818758
chr9	123224056	T	C	0.03	rs10985908
chr9	123366681	A	G	0.016	rs12552768
chr9	125207551	T	C	-0.021	rs55736103
chr9	125456901	C	T	0.019	rs13287525
chr9	127764326	G	A	-0.015	rs10739694
chr9	129145231	C	T	0.017	rs10988229
chr9	133274414	A	G	0.035	rs532436
chr9	133606538	A	G	0.026	rs112270518
chr9	133657152	T	C	0.06	rs6271
chr9	136624266	G	A	-0.021	rs12376605
chr10	4086319	G	A	0.029	rs17341886
chr10	8173316	A	C	0.018	rs67549624
chr10	8198910	T	C	-0.023	rs56170410
chr10	8208719	C	T	-0.015	rs11255578
chr10	12406889	T	C	-0.015	rs1574114
chr10	13509876	T	C	-0.016	rs10906396
chr10	13995028	G	A	0.021	rs4750447
chr10	14059113	C	T	0.039	rs7913222
chr10	14211784	G	A	-0.016	rs12570331
chr10	14294555	A	G	-0.048	rs76683802
chr10	17219763	A	G	-0.019	rs12413013
chr10	18002359	A	G	0.03	rs7894090
chr10	18045592	G	A	0.018	rs2488136
chr10	18074995	A	G	-0.033	rs2497814
chr10	18079250	T	C	0.051	rs112903652
chr10	18084973	C	T	0.024	rs7917532
chr10	18136590	A	G	-0.036	rs12570727
chr10	18150395	A	G	-0.042	rs114435241
chr10	18172992	T	C	-0.033	rs112628506
chr10	18192596	T	C	-0.07	rs77726527
chr10	18216858	G	A	0.03	rs2489207
chr10	18340674	A	G	0.019	rs10828545
chr10	18416145	T	C	0.042	rs976785
chr10	18426824	G	A	-0.059	rs192204152
chr10	18476744	G	A	0.018	rs7900405
chr10	18493848	T	G	-0.027	rs35255141
chr10	18625167	T	C	-0.018	rs2691159
chr10	21681148	C	T	-0.023	rs1243197
chr10	21942741	G	A	0.017	rs2941732
chr10	24756978	A	C	0.014	rs4503429
chr10	26776607	A	G	-0.019	rs7092571
chr10	27939108	G	A	-0.02	rs11006778
chr10	28497353	T	C	-0.02	rs11007130
chr10	31686456	T	G	0.022	rs1418633
chr10	31748302	C	T	-0.023	rs11008626
chr10	31984349	G	A	-0.022	rs11818697
chr10	32899506	G	A	-0.032	rs2504016
chr10	34263251	C	A	-0.014	rs2891436
chr10	44399909	G	T	-0.018	rs1779383
chr10	44462611	T	C	-0.044	rs112948053
chr10	44894256	C	T	0.025	rs2026427
chr10	54817681	C	T	0.016	rs11004585
chr10	58615138	A	C	-0.022	rs2393455
chr10	58826713	T	C	-0.024	rs7902062
chr10	58854860	C	T	-0.019	rs3099156
chr10	61246340	G	T	-0.028	rs1906469
chr10	61339648	T	C	-0.049	rs112730974
chr10	61488600	A	G	-0.022	rs4948281
chr10	61590152	A	C	-0.035	rs61851721
chr10	61609874	A	G	0.017	rs1456285
chr10	61755923	G	T	0.086	rs72831343
chr10	61812442	T	C	0.037	rs58583238
chr10	61822303	G	A	-0.024	rs10994929
chr10	61842065	A	G	-0.044	rs116892553
chr10	61948248	A	C	0.015	rs10994981
chr10	62188210	C	T	0.022	rs6479789
chr10	62792847	A	G	0.031	rs1509966
chr10	62860597	C	T	-0.032	rs61864670
chr10	62999650	A	G	0.018	rs906934
chr10	63001627	T	C	-0.018	rs72820803
chr10	63297053	A	C	0.021	rs10822153
chr10	63577393	C	T	0.023	rs10822184
chr10	68112410	A	G	-0.043	rs17456790
chr10	68826702	C	T	-0.027	rs884181
chr10	69339353	G	A	0.025	rs72805692
chr10	70793670	C	T	0.041	rs1339945
chr10	71500487	A	G	0.016	rs1340362
chr10	74116036	G	A	0.019	rs6480716
chr10	74692194	G	A	-0.038	rs73278319
chr10	75120564	T	C	-0.036	rs7077767
chr10	78463971	T	G	0.017	rs11002569
chr10	80257930	A	G	0.016	rs2994387
chr10	80513323	C	T	0.02	rs10748526
chr10	82626140	C	A	0.02	rs688413
chr10	83565309	T	C	-0.053	rs115598727
chr10	86448941	C	A	0.019	rs10887611
chr10	86674138	G	A	0.02	rs2354356
chr10	87902747	G	A	-0.024	rs2735357
chr10	90951536	G	A	0.018	rs12779698
chr10	92652429	T	C	-0.036	rs11187118
chr10	92669710	T	C	-0.018	rs7918084
chr10	93983330	G	A	-0.031	rs11593126
chr10	94136959	A	G	-0.032	rs11187793
chr10	94222844	T	C	0.017	rs4561126
chr10	94263320	C	T	0.043	rs57866767
chr10	94349017	C	T	0.028	rs1093316
chr10	94375876	C	T	0.051	rs140552882
chr10	94399857	C	A	0.033	rs2764379
chr10	94587192	T	C	-0.023	rs17519764
chr10	94774506	T	C	-0.022	rs6583954
chr10	94890571	G	A	-0.034	rs4110517
chr10	94906942	C	T	-0.025	rs11188112
chr10	95494548	T	C	-0.043	rs943346
chr10	95516860	T	C	-0.021	rs7089353
chr10	100655264	C	T	0.019	rs4376836
chr10	100792995	T	G	-0.039	rs10883543
chr10	102638825	A	G	-0.017	rs3977756
chr10	102835149	G	T	-0.018	rs743575
chr10	102882480	G	T	0.041	rs72841270
chr10	103608888	T	C	0.062	rs77662912
chr10	103765696	A	G	-0.022	rs12415349
chr10	103881220	T	C	0.017	rs7100920
chr10	103893207	T	C	-0.044	rs11191851
chr10	104254709	A	G	0.06	rs628480
chr10	104820977	C	A	-0.031	rs78304339
chr10	105125287	G	A	-0.025	rs11192323
chr10	105398296	A	G	-0.085	rs117464403
chr10	105646256	A	G	-0.017	rs7907026
chr10	105974225	G	T	-0.017	rs12572674
chr10	113940246	A	C	0.038	rs151545
chr10	113944699	A	C	0.044	rs7894582
chr10	113951238	T	C	-0.064	rs11196553
chr10	113962652	G	A	-0.035	rs180940
chr10	113988574	G	T	-0.02	rs12767891
chr10	114026852	T	G	-0.03	rs72823015
chr10	114033028	A	G	-0.054	rs740746
chr10	114040535	T	C	-0.029	rs17875473
chr10	114090616	A	C	0.019	rs11196628
chr10	114177073	T	G	-0.032	rs12257959
chr10	116747708	C	A	-0.02	rs2011695
chr10	118632927	C	T	0.018	rs2787604
chr10	119618738	C	T	-0.017	rs84086
chr10	119666800	A	G	0.022	rs7095308
chr10	121197173	A	G	0.018	rs61872966
chr10	121241030	A	G	-0.028	rs4751828
chr10	122407319	G	T	-0.025	rs76935275
chr10	123889949	C	T	0.024	rs7090117
chr10	125149417	A	G	-0.019	rs1693628
chr10	125153491	A	G	-0.024	rs74163354
chr10	126042796	A	G	-0.016	rs7919338
chr10	128083706	A	C	-0.039	rs11813708
chr10	129106278	T	G	-0.02	rs11598274
chr10	132499353	T	C	0.017	rs35133675
chr10	132599996	T	G	-0.03	rs80226362
chr10	132740405	G	A	0.018	rs12780199
chr10	133231531	C	T	-0.026	rs3008362
chr11	1473545	C	T	0.017	rs11029977
chr11	1680887	T	G	0.062	rs79889784
chr11	1693458	C	T	-0.02	rs11607954
chr11	1859378	A	G	0.056	rs80118038
chr11	1863112	A	G	-0.043	rs2137320
chr11	1920251	C	T	0.024	rs73413011
chr11	1922478	T	C	-0.018	rs2334385
chr11	2005834	T	C	-0.025	rs2525887
chr11	2120954	A	G	-0.037	rs74050116
chr11	2146620	T	C	0.025	rs17885785
chr11	4652558	A	G	-0.027	rs17224476
chr11	4673373	T	C	0.018	rs2201337
chr11	4684807	A	C	0.016	rs1505194
chr11	6350780	G	A	-0.027	rs74971367
chr11	8097751	G	A	-0.047	rs55892969
chr11	8217125	G	T	-0.024	rs7929853
chr11	8259391	T	C	0.017	rs204937
chr11	8610909	T	C	-0.025	rs11820339
chr11	8682394	C	T	-0.018	rs10840108
chr11	8807558	T	G	0.019	rs10769961
chr11	9749363	C	T	-0.039	rs10770059
chr11	9749910	T	C	0.079	rs61751344
chr11	9755874	T	C	-0.06	rs7939397
chr11	9909266	G	A	-0.021	rs7111257
chr11	9930420	C	A	-0.04	rs72854502
chr11	10247046	T	C	-0.042	rs56352102
chr11	10300472	T	C	0.036	rs7107727
chr11	10609700	T	C	-0.018	rs3741042
chr11	10630295	C	T	0.03	rs77890156
chr11	13045936	C	T	-0.021	rs56211871
chr11	13248667	G	A	-0.028	rs11605518
chr11	15922196	C	T	-0.032	rs11023781
chr11	16239678	T	C	-0.046	rs10832571
chr11	16416865	G	A	0.02	rs7932807
chr11	16675980	T	G	-0.022	rs7116121
chr11	16895672	C	T	-0.019	rs11024074
chr11	17049034	G	A	-0.014	rs10832728
chr11	17172557	C	T	-0.033	rs12421951
chr11	17384070	T	C	0.026	rs1002226
chr11	19199971	A	G	0.018	rs77055095
chr11	19735217	A	G	-0.016	rs1035699
chr11	22357682	A	G	-0.033	rs12799296
chr11	22749376	T	G	-0.016	rs2270755
chr11	26112899	G	A	-0.028	rs17308782
chr11	27244575	A	G	0.016	rs34227136
chr11	28399518	A	G	-0.015	rs11030323
chr11	30151032	A	G	0.017	rs1890825
chr11	30408784	T	C	0.018	rs7941828
chr11	30993950	T	C	0.019	rs290102
chr11	31364618	G	A	0.015	rs672396
chr11	32439327	T	C	-0.021	rs7943101
chr11	43572787	T	C	0.03	rs12576071
chr11	43788909	C	T	0.025	rs4755742
chr11	45632694	G	A	-0.047	rs187162129
chr11	45892056	A	G	0.037	rs77403571
chr11	46197359	G	A	0.018	rs2046834
chr11	46319708	A	G	-0.043	rs145054300
chr11	46688561	G	A	-0.04	rs72912175
chr11	47164873	A	C	-0.023	rs1055447
chr11	47175602	T	C	-0.052	rs75290815
chr11	47328295	A	G	0.048	rs753992
chr11	47363799	T	C	-0.056	rs141947880
chr11	47370397	A	G	-0.038	rs10437655
chr11	47679976	A	C	0.016	rs12286721
chr11	47680843	G	A	0.051	rs7120737
chr11	47779076	T	C	-0.056	rs80090905
chr11	48078292	G	A	-0.053	rs11607557
chr11	48109242	G	A	0.053	rs11039520
chr11	48329094	T	G	-0.054	rs77498573
chr11	48389471	C	A	0.049	rs7105402
chr11	48903337	T	C	0.047	rs4094474
chr11	49158717	G	T	0.044	rs202687
chr11	49415453	T	G	0.042	rs11040359
chr11	49737435	G	A	0.028	rs4881719
chr11	49781567	G	A	0.04	rs11040531
chr11	50090938	C	A	-0.034	rs139562826
chr11	50161703	G	A	0.041	rs75673411
chr11	50387402	T	C	-0.033	rs138337894
chr11	55345167	C	T	0.042	rs11229165
chr11	55423556	T	C	-0.027	rs76135585
chr11	55664421	T	C	0.04	rs10897138
chr11	55757261	G	T	-0.017	rs17147691
chr11	55919924	A	C	0.041	rs12418343
chr11	56040501	A	G	-0.016	rs2512923
chr11	56228260	A	C	0.039	rs11227582
chr11	56672653	T	C	0.036	rs11228718
chr11	56686090	T	C	-0.016	rs1848802
chr11	56842936	T	G	0.016	rs764855
chr11	57092921	T	G	0.043	rs71484411
chr11	57282317	G	A	0.019	rs12797544
chr11	57348572	T	C	0.069	rs116919616
chr11	58336195	C	T	-0.019	rs4544018
chr11	58638201	T	C	0.026	rs12799215
chr11	61023367	A	G	0.016	rs3016173
chr11	61507318	G	T	0.046	rs10792315
chr11	63922407	C	T	-0.014	rs7121067
chr11	64263769	T	C	-0.038	rs35169799
chr11	64341646	G	T	0.015	rs647152
chr11	65051746	G	A	-0.02	rs533018
chr11	65151043	T	C	0.02	rs55646096
chr11	65764141	A	G	0.106	rs112437639
chr11	65793149	T	C	0.032	rs642803
chr11	65809332	C	T	0.055	rs72924707
chr11	65879634	G	A	-0.021	rs12225345
chr11	68041801	T	C	0.039	rs36027301
chr11	69301025	G	T	0.022	rs11228613
chr11	69650025	A	G	0.016	rs649392
chr11	69969200	T	C	0.038	rs72931727
chr11	70159535	A	G	0.015	rs875106
chr11	70161664	C	T	-0.039	rs2186797
chr11	76467628	T	G	-0.022	rs61894512
chr11	76754228	T	C	0.02	rs7942337
chr11	77542743	A	G	-0.026	rs72943494
chr11	77843775	A	G	-0.019	rs601551
chr11	78265162	T	C	0.023	rs1981405
chr11	81676722	A	C	0.016	rs4465386
chr11	81726084	A	C	-0.025	rs72944265
chr11	83798730	T	C	-0.02	rs6592142
chr11	84581505	A	G	-0.025	rs57257053
chr11	92117598	C	T	0.016	rs1603481
chr11	92240362	G	T	-0.022	rs897989
chr11	95652449	C	T	-0.019	rs1262220
chr11	95720451	A	G	0.014	rs3957698
chr11	100663901	C	T	0.051	rs7942556
chr11	100680847	A	G	0.049	rs148306899
chr11	100701978	C	T	0.056	rs117872640
chr11	100702361	T	C	-0.031	rs1216744
chr11	100721925	C	T	-0.029	rs11224409
chr11	100773537	T	C	-0.037	rs73007637
chr11	100810480	A	G	0.023	rs618291
chr11	100863919	A	G	0.023	rs4754705
chr11	103078050	T	G	0.02	rs2509116
chr11	103541012	G	T	0.021	rs11225866
chr11	107168015	T	C	-0.019	rs10890658
chr11	107255627	A	G	-0.031	rs11212104
chr11	111308665	G	A	0.021	rs1046872
chr11	111547054	G	A	-0.02	rs7130440
chr11	111797532	C	A	-0.029	rs3867466
chr11	113337660	G	A	0.018	rs12282356
chr11	116800289	G	A	0.024	rs4938313
chr11	119184653	G	A	-0.015	rs7929799
chr11	120077340	A	G	0.021	rs1007530
chr11	122150502	T	G	0.018	rs484934
chr11	122654033	A	G	-0.031	rs61911503
chr11	122737996	T	C	-0.02	rs61910264
chr11	128431058	C	T	-0.016	rs10893870
chr11	128692203	T	C	0.018	rs695113
chr11	133530384	T	C	0.023	rs4554901
chr12	777337	T	C	-0.018	rs10774459
chr12	2107792	G	T	0.017	rs2238027
chr12	2327832	A	G	-0.023	rs3819536
chr12	2384425	A	G	0.017	rs7961557
chr12	4766168	G	T	-0.017	rs766505
chr12	4821194	A	G	-0.015	rs12423234
chr12	6728888	T	C	-0.026	rs75938527
chr12	8638685	G	A	0.034	rs12821619
chr12	8679607	G	A	0.024	rs7132012
chr12	12495909	G	A	0.018	rs11054935
chr12	12726636	C	T	-0.021	rs34322
chr12	13681357	C	T	0.021	rs76912408
chr12	18131974	A	C	-0.017	rs7315861
chr12	19854823	A	G	0.021	rs10841385
chr12	19993593	A	C	-0.02	rs2728632
chr12	20015744	A	C	0.032	rs2728604
chr12	20123579	T	C	-0.025	rs2417849
chr12	20206736	C	T	0.019	rs2162734
chr12	20418510	A	G	0.035	rs74546467
chr12	20433461	T	C	0.027	rs10841520
chr12	20461725	A	G	0.016	rs4762758
chr12	24054096	C	A	0.016	rs11047238
chr12	24413791	T	G	0.017	rs12822167
chr12	26306138	A	G	0.017	rs1948151
chr12	26307112	A	C	-0.021	rs11048454
chr12	26349686	T	C	0.021	rs7132437
chr12	27006851	G	A	-0.022	rs9651825
chr12	27096046	G	A	-0.022	rs17494309
chr12	27214213	A	G	0.017	rs4091998
chr12	31598667	A	G	-0.016	rs1677173
chr12	32506343	A	G	-0.021	rs1500876
chr12	32548943	G	A	-0.016	rs10844237
chr12	41235240	G	T	0.017	rs6582280
chr12	41470953	A	G	-0.041	rs73130641
chr12	41606375	C	T	-0.015	rs377371
chr12	43561584	C	T	-0.058	rs10785445
chr12	47719744	A	G	0.033	rs141094792
chr12	47784821	C	T	-0.029	rs11168236
chr12	47796486	T	C	0.025	rs112689589
chr12	47810673	C	T	-0.019	rs3815129
chr12	47844438	T	G	-0.019	rs739837
chr12	47862166	C	A	-0.03	rs2239181
chr12	47951883	C	T	0.019	rs11168326
chr12	48201694	C	A	-0.029	rs61940962
chr12	48829758	G	A	-0.035	rs17123349
chr12	48912216	A	G	-0.045	rs146336654
chr12	49701853	A	G	0.033	rs113605702
chr12	49945507	G	T	-0.019	rs377470
chr12	50145806	T	C	-0.042	rs12819192
chr12	50168215	G	A	-0.033	rs11169294
chr12	50242135	C	T	0.04	rs17124559
chr12	50430449	G	A	0.027	rs11612002
chr12	50566445	G	A	0.036	rs76154667
chr12	50578797	T	C	0.068	rs61927826
chr12	50823107	C	T	0.021	rs11169572
chr12	50938134	A	G	-0.016	rs12580702
chr12	51212544	A	G	0.036	rs144953311
chr12	51340167	C	A	0.017	rs12816187
chr12	51921806	T	C	0.028	rs75074181
chr12	51922819	C	T	-0.02	rs2293094
chr12	52991262	G	T	-0.046	rs7306947
chr12	53036725	T	C	0.021	rs12582526
chr12	53971452	C	A	-0.018	rs4512901
chr12	54047714	T	C	0.04	rs7134677
chr12	54147966	G	A	0.02	rs1872635
chr12	54346430	A	G	0.024	rs61614746
chr12	54665371	A	C	0.019	rs57497660
chr12	56080696	G	A	-0.017	rs4759229
chr12	56745272	A	G	0.02	rs7966391
chr12	57691415	C	T	0.019	rs2928064
chr12	62461584	G	A	0.016	rs2029938
chr12	67266635	A	G	0.022	rs775307
chr12	69280815	T	C	0.02	rs650198
chr12	69338599	T	G	-0.047	rs75359244
chr12	69460154	G	A	-0.016	rs12367370
chr12	69932718	G	A	-0.022	rs77083992
chr12	89234005	T	C	-0.027	rs11832207
chr12	89394010	C	T	0.029	rs11105273
chr12	89584456	T	C	0.05	rs1689040
chr12	89597962	C	A	0.036	rs1915108
chr12	89604242	G	A	0.066	rs35349730
chr12	89616152	A	G	-0.04	rs17465916
chr12	89699417	A	G	-0.028	rs12812760
chr12	89713058	G	A	-0.048	rs11105381
chr12	89857216	T	C	-0.043	rs12371292
chr12	89876000	T	C	-0.035	rs17192317
chr12	89924682	C	T	0.027	rs10506977
chr12	90038051	A	C	0.059	rs112591226
chr12	91817979	G	A	0.023	rs11106296
chr12	93113535	C	T	0.019	rs6538386
chr12	96436500	T	C	-0.016	rs7307248
chr12	97205651	A	G	0.016	rs10459190
chr12	97296422	T	C	0.034	rs34666150
chr12	98521823	A	G	0.034	rs11832532
chr12	101942532	C	T	-0.015	rs4301837
chr12	104669476	T	C	0.015	rs1164760
chr12	105528076	G	T	0.029	rs73387428
chr12	109098754	C	A	0.025	rs3219211
chr12	109463525	T	C	-0.036	rs66704117
chr12	109870744	C	T	-0.018	rs12823540
chr12	109920531	A	G	0.051	rs16939764
chr12	110122513	T	C	0.042	rs77100509
chr12	110365989	A	G	0.029	rs61942582
chr12	110388174	A	C	0.043	rs28505800
chr12	110684661	T	C	0.041	rs77048156
chr12	110922486	G	A	0.022	rs12302980
chr12	111339678	A	G	0.049	rs17627481
chr12	111362454	A	G	0.021	rs3809272
chr12	111535336	G	A	0.045	rs598711
chr12	111571337	G	A	0.073	rs76821272
chr12	111652218	A	C	-0.024	rs10744774
chr12	111788082	A	G	-0.034	rs73205605
chr12	111839280	T	C	-0.046	rs12370770
chr12	111887042	C	T	0.041	rs12423041
chr12	112160517	A	G	0.047	rs3519
chr12	112236914	T	C	-0.042	rs73207624
chr12	112377894	G	A	0.03	rs75259664
chr12	112444192	G	A	0.047	rs11066308
chr12	112731156	A	C	0.027	rs11066395
chr12	114740650	C	T	-0.017	rs10744832
chr12	114940232	G	T	0.03	rs10850407
chr12	115034539	T	C	0.043	rs113893579
chr12	115062298	G	A	0.023	rs1848864
chr12	115074444	G	A	-0.031	rs75899721
chr12	115118062	G	A	0.05	rs35429
chr12	115495183	A	G	-0.023	rs7133185
chr12	115578149	A	G	0.019	rs7297116
chr12	115588628	A	G	-0.018	rs1486400
chr12	120951159	C	A	0.018	rs2650000
chr12	121013347	G	A	-0.05	rs11611673
chr12	121429689	A	G	-0.028	rs15876
chr12	121453895	A	G	0.033	rs11838335
chr12	121598620	G	A	0.031	rs3935332
chr12	122090357	C	T	0.017	rs36181536
chr12	122175845	G	T	-0.027	rs61955585
chr12	124341916	T	C	0.024	rs2229840
chr12	124871925	G	A	0.029	rs61944572
chr12	132489246	G	A	-0.027	rs73486469
chr12	133153914	T	C	-0.021	rs7970687
chr13	19704380	G	T	-0.024	rs17241375
chr13	21358320	A	G	-0.018	rs9509664
chr13	21688092	T	C	0.016	rs9552466
chr13	21719923	C	T	-0.035	rs682681
chr13	22596235	T	C	-0.028	rs9317097
chr13	24699002	C	T	-0.018	rs2289903
chr13	28065112	C	T	-0.021	rs9554229
chr13	29541497	A	G	-0.04	rs34369885
chr13	29581663	A	C	-0.036	rs57340570
chr13	29712168	A	G	-0.034	rs34973257
chr13	29899544	C	A	0.033	rs9551769
chr13	31202281	T	C	-0.019	rs9805764
chr13	31650923	G	A	-0.018	rs556979
chr13	32334210	T	C	-0.016	rs1963505
chr13	41304035	C	T	0.04	rs2501950
chr13	41830574	T	C	-0.043	rs41288297
chr13	42046881	G	A	0.016	rs9532979
chr13	42060236	G	A	0.056	rs9532983
chr13	46606536	A	G	-0.02	rs7491248
chr13	49903189	C	T	-0.021	rs75154776
chr13	50156743	C	T	-0.025	rs73196768
chr13	50526523	T	C	-0.017	rs279076
chr13	53625489	A	C	0.021	rs7336670
chr13	71790579	C	A	-0.033	rs93177
chr13	72545479	A	G	-0.016	rs12866098
chr13	73247773	A	G	-0.048	rs79716751
chr13	84494330	G	A	-0.044	rs80266153
chr13	88147569	A	G	-0.018	rs12859192
chr13	97000838	A	G	-0.015	rs11620170
chr13	97361945	T	G	0.019	rs2389824
chr13	98447084	T	C	-0.018	rs2281767
chr13	98600445	T	G	-0.015	rs72648719
chr13	109840382	C	T	0.019	rs1999710
chr13	110224699	G	A	0.023	rs630943
chr13	110367367	C	T	0.033	rs72655775
chr13	110377623	A	G	0.015	rs9521729
chr13	112973756	A	C	-0.016	rs9549617
chr13	113744824	A	G	-0.017	rs36160390
chr13	113920290	T	C	0.023	rs79693929
chr13	114328229	T	C	-0.02	rs2402948
chr14	24356471	T	C	0.028	rs28637873
chr14	24361644	C	T	0.018	rs1950500
chr14	28795346	A	G	0.019	rs11625845
chr14	29739424	T	G	-0.018	rs1959440
chr14	35415433	G	T	-0.016	rs1012919
chr14	35527781	A	G	0.025	rs10146240
chr14	35689622	C	T	0.027	rs7155504
chr14	35830050	A	G	0.025	rs55905084
chr14	38929927	C	T	0.028	rs17108576
chr14	39210713	C	A	0.025	rs7145048
chr14	50377538	C	T	0.059	rs72677847
chr14	50380774	T	C	-0.016	rs7142232
chr14	50625836	G	A	0.021	rs12587821
chr14	50668891	A	G	0.048	rs72681624
chr14	56726758	C	T	-0.035	rs850651
chr14	57508928	A	G	-0.019	rs268822
chr14	58359775	C	T	-0.043	rs117581081
chr14	59324027	A	G	0.019	rs61984496
chr14	60024415	A	G	0.024	rs61993994
chr14	60304935	C	T	0.017	rs7150826
chr14	60745150	C	T	0.019	rs2284704
chr14	61162335	G	A	0.018	rs8005165
chr14	63482782	C	T	0.019	rs72714280
chr14	64188069	C	T	-0.027	rs74803604
chr14	67876646	A	G	0.023	rs1950764
chr14	68201811	T	C	0.03	rs1274640
chr14	68792945	A	C	-0.029	rs1051533
chr14	69955114	C	T	-0.018	rs6573918
chr14	69989947	T	G	-0.02	rs227426
chr14	70113519	T	C	0.014	rs4902778
chr14	70712144	C	T	0.022	rs10129307
chr14	71075451	C	T	0.02	rs17108967
chr14	71373090	C	T	-0.023	rs41219
chr14	71698491	G	A	-0.023	rs1859551
chr14	71995664	A	G	-0.022	rs11623535
chr14	72808737	T	C	0.018	rs11620775
chr14	79424113	A	G	-0.019	rs10146690
chr14	90425091	A	G	-0.02	rs7149559
chr14	93449583	A	G	-0.02	rs4569188
chr14	98140957	T	G	-0.023	rs7160893
chr14	100137997	G	A	-0.024	rs10138425
chr14	100378083	A	G	0.022	rs12897688
chr14	101695690	G	A	0.03	rs72713672
chr14	103393625	T	C	0.037	rs8014182
chr14	103457975	G	A	-0.023	rs17679729
chr14	103710761	T	G	-0.02	rs4900592
chr14	104153740	A	G	0.018	rs11622651
chr14	104160660	A	G	0.016	rs28426081
chr15	25680528	A	G	-0.018	rs7178018
chr15	38645816	T	G	-0.015	rs10438404
chr15	39349684	G	A	-0.015	rs10520129
chr15	40025591	G	T	-0.019	rs11070245
chr15	41170270	A	G	-0.03	rs12324159
chr15	41491616	G	A	-0.029	rs1757463
chr15	41527169	C	T	0.02	rs11630901
chr15	41915843	A	G	-0.019	rs4923919
chr15	42148099	A	G	-0.054	rs141020647
chr15	43387833	A	G	-0.052	rs140646549
chr15	43735687	C	T	-0.052	rs139974673
chr15	44005419	T	C	-0.051	rs138893177
chr15	47271773	G	A	-0.041	rs114185007
chr15	50616500	G	A	0.017	rs491907
chr15	53622913	A	C	0.032	rs78653555
chr15	56638995	C	A	-0.026	rs72744945
chr15	60284063	A	G	0.023	rs17191323
chr15	60499755	C	A	-0.031	rs2290430
chr15	60604579	T	C	-0.017	rs28453685
chr15	60685683	T	C	0.022	rs2113944
chr15	61182989	T	C	0.022	rs12324086
chr15	63055888	G	A	0.016	rs16953475
chr15	63521142	C	A	-0.018	rs114321782
chr15	64127175	T	G	-0.039	rs34257057
chr15	64379883	T	C	-0.038	rs72758941
chr15	64807955	T	G	0.027	rs4777601
chr15	66533351	C	T	-0.023	rs12595176
chr15	66648746	A	G	-0.021	rs1440371
chr15	67417673	A	G	0.019	rs28399271
chr15	68668173	C	T	-0.056	rs117674718
chr15	69132229	A	G	-0.017	rs8026900
chr15	70682753	C	T	0.038	rs62016913
chr15	74036680	C	T	-0.015	rs752004
chr15	74295624	A	G	-0.019	rs4887128
chr15	74327196	C	T	0.029	rs1843091
chr15	74788737	A	G	0.047	rs2168518
chr15	74844723	A	G	0.032	rs1044355
chr15	75036750	C	T	0.022	rs12917120
chr15	77549753	G	A	-0.016	rs79590310
chr15	79086433	A	G	0.016	rs13380109
chr15	80060224	C	T	-0.015	rs28759351
chr15	80664066	A	G	0.019	rs8031550
chr15	80733885	T	C	-0.028	rs4778849
chr15	80785129	A	G	0.027	rs10519292
chr15	80789276	A	G	-0.022	rs1982754
chr15	84706886	A	G	0.025	rs72630462
chr15	85124752	G	T	-0.053	rs11852268
chr15	85503520	T	G	-0.02	rs17554709
chr15	85756476	T	C	-0.024	rs17577611
chr15	85800197	C	T	-0.018	rs6496235
chr15	87977060	G	A	0.015	rs1461213
chr15	88049218	A	G	0.029	rs16941174
chr15	89585603	A	G	0.018	rs11639246
chr15	90855370	T	C	0.028	rs34050628
chr15	90877743	C	T	-0.054	rs1573643
chr15	92157044	T	G	-0.022	rs2283454
chr15	94771410	G	A	-0.028	rs8037584
chr15	96166897	T	C	-0.021	rs16976295
chr15	99676981	A	C	-0.017	rs8030814
chr15	101361068	T	G	-0.016	rs1077015
chr16	287691	T	C	0.03	rs34665498
chr16	1290464	C	A	0.017	rs4984802
chr16	1469673	A	G	-0.022	rs7199888
chr16	1800193	T	C	-0.022	rs9933403
chr16	1985252	C	T	-0.035	rs34973300
chr16	2019166	C	T	-0.015	rs8057913
chr16	2160406	A	G	-0.05	rs9935429
chr16	2762646	T	C	-0.021	rs2240142
chr16	3280179	T	C	0.017	rs458522
chr16	3501799	C	A	-0.033	rs13330501
chr16	3761555	G	A	0.015	rs886528
chr16	3989715	C	A	0.02	rs2072339
chr16	4085897	A	G	0.044	rs1075581
chr16	4206062	G	A	0.021	rs7203746
chr16	4626851	A	C	-0.02	rs1684608
chr16	4810551	A	G	-0.027	rs4786552
chr16	4868325	T	G	0.035	rs10500326
chr16	4869709	C	T	0.015	rs1876354
chr16	4924304	A	C	0.06	rs117818985
chr16	5739664	A	G	0.024	rs56679184
chr16	7314116	G	A	0.019	rs4337311
chr16	8896823	A	C	-0.017	rs2257181
chr16	11550986	G	A	-0.018	rs3784924
chr16	19308227	G	T	-0.019	rs13338270
chr16	20344489	G	A	0.054	rs34262842
chr16	20388634	G	A	-0.025	rs112462318
chr16	20540533	G	A	0.023	rs28750179
chr16	24819429	C	T	0.025	rs12920774
chr16	28499072	T	C	-0.016	rs40834
chr16	28906323	C	T	0.018	rs7188071
chr16	29977028	A	G	-0.021	rs4283241
chr16	49732998	T	C	-0.029	rs17282218
chr16	51308317	G	A	-0.03	rs117911950
chr16	51454295	G	A	-0.021	rs7187736
chr16	51526850	A	C	-0.044	rs62039768
chr16	51721080	C	T	0.028	rs12935539
chr16	51813887	A	G	0.017	rs9935845
chr16	52487444	C	A	-0.023	rs1111480
chr16	53449226	G	A	0.019	rs16952251
chr16	53756994	A	G	-0.022	rs1075440
chr16	53763653	G	A	-0.017	rs4784323
chr16	53776634	A	C	-0.041	rs7187250
chr16	54647492	A	G	0.022	rs16953806
chr16	55178537	G	T	0.027	rs62034688
chr16	55910097	G	A	0.016	rs8045055
chr16	56878605	T	G	0.03	rs11076171
chr16	60415455	A	G	-0.015	rs12921224
chr16	60582008	C	T	0.02	rs7191540
chr16	64330988	A	G	0.017	rs2917708
chr16	66478002	T	C	-0.045	rs74962019
chr16	66837798	T	C	-0.054	rs113163918
chr16	69251607	T	C	0.069	rs192042440
chr16	69741597	T	C	-0.021	rs17299478
chr16	70275334	A	G	0.025	rs12149660
chr16	70289223	T	C	-0.015	rs34087264
chr16	70590580	G	A	0.021	rs6499323
chr16	71200510	T	C	0.018	rs9928164
chr16	71403232	T	C	0.042	rs79037865
chr16	71690187	A	C	-0.02	rs4788828
chr16	71962168	C	T	-0.018	rs12149877
chr16	71986424	G	A	-0.023	rs4788591
chr16	75381443	C	T	-0.023	rs1549306
chr16	81476550	A	G	0.031	rs12926550
chr16	81534459	G	T	0.023	rs13333159
chr16	81557891	C	T	-0.032	rs6564889
chr16	81581074	A	G	0.04	rs12599865
chr16	82782054	C	T	0.016	rs11640600
chr16	82782603	G	A	-0.02	rs2199433
chr16	82796175	T	C	-0.023	rs4783279
chr16	83714245	A	G	0.016	rs254326
chr16	84067023	G	A	0.022	rs7190835
chr16	85287877	C	T	0.02	rs2966858
chr16	85302345	T	G	0.018	rs11641362
chr16	86053241	A	G	-0.018	rs1996644
chr16	86133526	G	A	0.036	rs7499519
chr16	86387664	A	G	-0.022	rs11117487
chr16	86413973	A	G	-0.02	rs7201473
chr16	86497113	A	G	0.044	rs79042862
chr16	88561319	C	T	-0.02	rs885064
chr16	89319102	C	T	0.019	rs2353032
chr16	89632385	T	C	-0.043	rs117586265
chr16	89646481	T	C	0.033	rs460879
chr16	89804760	G	A	-0.022	rs8053979
chr17	608267	G	A	-0.02	rs34135607
chr17	1391601	C	A	-0.023	rs2131431
chr17	2036249	C	T	0.016	rs3752962
chr17	2195045	A	C	-0.019	rs7213756
chr17	3976854	T	C	-0.016	rs7215084
chr17	4077772	T	G	-0.031	rs8070737
chr17	4370188	T	C	-0.024	rs12602456
chr17	6576335	C	T	-0.017	rs930527
chr17	7226579	A	G	0.06	rs72839768
chr17	7237287	G	A	0.027	rs222852
chr17	7552219	T	C	0.027	rs4511593
chr17	7597447	T	C	0.022	rs12936934
chr17	7713891	T	C	0.027	rs12943024
chr17	7718146	A	C	0.021	rs3803802
chr17	7877702	A	G	-0.059	rs76833657
chr17	8042979	G	T	-0.034	rs59352280
chr17	8154254	C	T	0.023	rs3027160
chr17	12097267	G	A	-0.015	rs9894621
chr17	13590706	G	A	-0.02	rs8065492
chr17	14817051	G	T	-0.016	rs4791603
chr17	16335062	A	G	0.018	rs12946717
chr17	18341456	T	C	-0.018	rs1975822
chr17	18927939	C	T	0.029	rs11658590
chr17	21085952	C	T	-0.02	rs8069010
chr17	21375977	T	C	0.019	rs7213608
chr17	28584511	A	C	0.029	rs71372388
chr17	29823341	G	A	-0.02	rs3794730
chr17	30204775	T	C	0.018	rs3794808
chr17	30572006	T	C	-0.018	rs17606460
chr17	30824006	C	T	0.022	rs56325146
chr17	31635997	C	T	0.018	rs411888
chr17	31643037	C	T	-0.043	rs62062196
chr17	31700433	C	T	-0.019	rs4795637
chr17	38688340	T	G	-0.018	rs12941165
chr17	38763797	T	C	-0.043	rs118080693
chr17	40618898	T	C	0.017	rs757411
chr17	44588034	G	A	-0.029	rs60603802
chr17	45095905	C	T	0.028	rs2301597
chr17	45170590	C	A	-0.021	rs4792819
chr17	46755851	A	C	-0.024	rs35732828
chr17	46790821	A	G	0.017	rs12452064
chr17	46872756	C	T	-0.019	rs4968281
chr17	46969002	A	C	-0.046	rs76774446
chr17	47133507	G	A	-0.023	rs9747171
chr17	48016611	A	G	-0.043	rs117428269
chr17	48026394	G	A	0.016	rs12051
chr17	48101411	T	G	0.048	rs142673229
chr17	48283689	T	C	-0.059	rs17621806
chr17	48408081	T	C	0.049	rs56347129
chr17	48585460	A	G	-0.028	rs72829869
chr17	48658584	G	T	-0.068	rs146466236
chr17	48740397	T	C	-0.026	rs62065366
chr17	48766511	C	T	0.029	rs11657371
chr17	49035046	T	C	-0.02	rs12938771
chr17	49058513	A	G	0.033	rs68085814
chr17	49100385	T	C	0.019	rs9972911
chr17	49166260	T	G	0.02	rs16970025
chr17	49312774	G	A	0.032	rs11654557
chr17	49347319	A	C	-0.037	rs6504608
chr17	49432101	C	A	-0.02	rs7216547
chr17	49452384	G	A	-0.022	rs2584681
chr17	53268492	T	C	-0.044	rs117185237
chr17	58349781	C	A	-0.015	rs2526376
chr17	58378280	C	T	0.027	rs2680707
chr17	58686657	A	G	-0.024	rs302877
chr17	58942299	C	T	-0.023	rs62083434
chr17	59329658	G	A	0.033	rs1451506
chr17	60154066	A	G	-0.033	rs75506524
chr17	60911759	T	G	-0.021	rs77867281
chr17	61187840	T	C	0.02	rs12953087
chr17	61408032	T	C	-0.028	rs2240736
chr17	63471557	T	C	0.042	rs4277405
chr17	63535270	T	C	-0.019	rs4968592
chr17	64124503	C	T	-0.037	rs112450872
chr17	64300285	T	C	-0.019	rs8080754
chr17	66254127	A	G	-0.051	rs113621438
chr17	66330187	T	C	0.023	rs8074759
chr17	66478875	C	T	0.017	rs7216355
chr17	69531328	C	T	-0.016	rs2715831
chr17	72649613	T	C	0.025	rs3924957
chr17	75947861	A	G	0.03	rs1463486
chr17	77265904	T	C	0.016	rs614468
chr17	77325882	G	T	0.019	rs1561103
chr17	77348945	C	T	0.03	rs7221079
chr17	78444570	A	G	0.028	rs3816291
chr17	78803816	G	A	0.024	rs9302885
chr17	80262637	C	T	0.017	rs62074441
chr17	80470858	G	T	-0.018	rs12943620
chr17	80617311	C	A	0.015	rs7503807
chr17	80665615	A	G	0.029	rs56349113
chr17	81391366	G	A	0.039	rs8070792
chr17	81406747	C	T	-0.017	rs1531554
chr18	773091	C	T	0.026	rs7232858
chr18	1894782	G	A	-0.032	rs73374119
chr18	3606274	T	C	0.019	rs1787846
chr18	9623038	T	C	-0.016	rs11872991
chr18	10892953	C	A	-0.017	rs264226
chr18	22052419	T	C	-0.032	rs12958584
chr18	22302440	G	A	-0.017	rs4280357
chr18	22609158	G	T	0.054	rs62092642
chr18	22676928	C	T	-0.019	rs12709693
chr18	23563775	G	T	0.023	rs2960578
chr18	24556231	A	C	0.02	rs2156774
chr18	33558851	G	A	-0.033	rs76667377
chr18	37223107	A	G	0.016	rs1786059
chr18	38233178	T	G	-0.017	rs34433149
chr18	38258907	A	G	-0.033	rs78380887
chr18	44533305	T	G	-0.028	rs8093196
chr18	44640402	T	C	-0.017	rs11664045
chr18	45005796	A	G	-0.017	rs4890499
chr18	45166844	T	C	0.025	rs72902647
chr18	45320927	C	T	0.019	rs17743054
chr18	45360534	T	G	0.017	rs16978350
chr18	49350849	A	G	0.02	rs9807152
chr18	50513511	G	T	0.021	rs2958002
chr18	50620757	G	A	0.021	rs1025686
chr18	50640867	T	G	0.022	rs3894010
chr18	50654472	C	A	0.017	rs10432203
chr18	50790833	C	T	0.015	rs2849253
chr18	50876915	A	G	-0.043	rs111437402
chr18	51254035	A	G	-0.03	rs16953013
chr18	51262076	A	G	-0.033	rs6508055
chr18	51417423	C	T	-0.048	rs34275678
chr18	53879292	G	A	0.023	rs1646782
chr18	54166379	T	C	0.062	rs145486593
chr18	54276338	A	C	-0.015	rs3730714
chr18	54280890	G	A	-0.048	rs3218784
chr18	57035078	C	T	-0.021	rs9960575
chr18	58214960	T	C	-0.019	rs574626
chr18	60061837	T	C	0.016	rs3897644
chr18	60252477	A	G	-0.023	rs113602013
chr18	60696445	T	G	0.016	rs12961750
chr18	61691986	T	C	0.019	rs9960465
chr18	71439797	A	C	0.019	rs619551
chr18	74621729	T	C	-0.022	rs28552491
chr18	74838838	C	T	-0.029	rs17055718
chr18	75276745	G	T	0.018	rs17056773
chr18	75305187	T	C	-0.015	rs4891261
chr18	75696251	A	G	0.055	rs74839095
chr18	76663363	A	G	-0.017	rs55901551
chr18	79404443	G	A	0.02	rs304933
chr19	1225000	G	A	0.018	rs7247576
chr19	1835626	T	C	0.032	rs8101970
chr19	2232084	T	G	-0.036	rs1558118
chr19	2325298	C	T	-0.037	rs12975217
chr19	2583039	C	T	-0.041	rs62123672
chr19	4937842	G	T	-0.025	rs2602698
chr19	4953339	G	T	0.021	rs1982468
chr19	5143283	A	G	0.02	rs2613794
chr19	7225855	T	C	-0.023	rs59053029
chr19	7227860	G	T	0.021	rs10413734
chr19	7262723	C	T	0.055	rs12985940
chr19	7439131	T	C	0.029	rs78230363
chr19	8329208	C	T	0.016	rs2972574
chr19	8427690	A	G	0.024	rs2396141
chr19	9993478	T	G	0.02	rs2277964
chr19	10055256	G	A	-0.019	rs8113341
chr19	10207546	G	A	-0.018	rs62128715
chr19	10316570	T	G	0.022	rs1045384
chr19	11179150	T	C	-0.02	rs968699
chr19	11186154	G	A	-0.037	rs74179972
chr19	11366864	T	C	-0.071	rs146207376
chr19	11390564	G	A	-0.023	rs318699
chr19	11393890	T	G	-0.055	rs117074666
chr19	11448674	T	C	0.032	rs45626947
chr19	12470249	G	A	-0.024	rs11880558
chr19	14917281	G	A	-0.019	rs1984694
chr19	16396526	T	C	0.048	rs144760922
chr19	16674330	A	G	0.047	rs142820596
chr19	17103263	T	C	-0.035	rs11666569
chr19	17108160	A	C	0.031	rs4808569
chr19	17163083	T	G	0.017	rs7256689
chr19	18624856	C	T	0.018	rs1966500
chr19	18739897	T	G	0.025	rs11666888
chr19	21264128	A	C	-0.016	rs10402151
chr19	21705462	C	T	0.018	rs10409238
chr19	29799904	G	A	-0.022	rs17513752
chr19	29874019	A	G	0.032	rs73040793
chr19	30537759	T	C	0.021	rs10518269
chr19	31374032	T	C	-0.02	rs58638214
chr19	32113403	T	C	0.02	rs7248960
chr19	33408159	A	G	0.019	rs731839
chr19	35792945	C	T	-0.03	rs11881242
chr19	36986856	T	C	0.027	rs10410594
chr19	37239172	C	T	0.025	rs8112011
chr19	44908822	T	C	0.043	rs7412
chr19	45283744	A	G	0.016	rs1351844
chr19	45490310	C	A	0.018	rs4511641
chr19	45614869	T	C	-0.018	rs3816046
chr19	45865499	G	T	-0.026	rs57334905
chr19	47085068	A	G	-0.016	rs2287842
chr19	47271072	C	T	0.017	rs73570553
chr19	48652501	C	T	0.016	rs414299
chr19	49139007	G	A	0.026	rs17272756
chr19	49143801	A	G	0.017	rs7248236
chr19	49485096	A	G	-0.056	rs143005749
chr19	49655886	T	G	-0.043	rs118117859
chr19	50512612	A	G	0.019	rs2305761
chr19	53103705	C	A	-0.026	rs112146197
chr20	4121153	T	C	-0.022	rs1741344
chr20	4445885	A	G	0.053	rs36037977
chr20	6386343	G	A	-0.023	rs6085527
chr20	8570697	A	G	-0.014	rs2103653
chr20	8602767	G	T	-0.019	rs2223538
chr20	8635941	G	A	0.043	rs6039211
chr20	8686124	A	G	-0.017	rs6056006
chr20	8724849	C	A	-0.026	rs6056043
chr20	8730522	T	G	0.026	rs6133612
chr20	10708096	A	C	0.022	rs6108676
chr20	10723345	G	A	0.025	rs2423515
chr20	10738496	C	T	-0.039	rs79349787
chr20	10762376	G	T	0.016	rs6108695
chr20	10847619	C	A	-0.036	rs2144186
chr20	10861797	T	C	-0.025	rs12624791
chr20	10957188	T	C	-0.033	rs8116954
chr20	10962056	C	T	0.037	rs6077983
chr20	10985350	A	G	-0.048	rs1887320
chr20	11017061	G	A	-0.027	rs11087016
chr20	11022957	T	G	0.033	rs6040305
chr20	11064528	T	G	-0.095	rs115302179
chr20	11205318	C	T	-0.017	rs6040427
chr20	17902887	A	C	-0.017	rs8125763
chr20	18615780	C	T	0.025	rs6136437
chr20	19535610	A	G	0.021	rs6035372
chr20	31640354	A	G	0.023	rs6088864
chr20	32085621	T	C	0.02	rs242609
chr20	32232109	T	C	0.035	rs6087840
chr20	32637950	A	G	-0.034	rs6141328
chr20	33378892	T	C	0.021	rs2065703
chr20	33556136	A	G	-0.021	rs73119152
chr20	37632183	A	G	-0.033	rs77194403
chr20	37836294	T	C	-0.017	rs6067800
chr20	41379416	A	G	0.036	rs79024651
chr20	41534163	A	G	0.02	rs6072407
chr20	44119728	A	G	-0.027	rs62205904
chr20	44176348	A	G	-0.024	rs6124629
chr20	44211379	G	A	-0.023	rs6031456
chr20	44270700	A	G	0.023	rs6017308
chr20	45493167	A	G	-0.021	rs8115500
chr20	45555736	C	T	0.015	rs2250860
chr20	45881123	C	T	0.016	rs3746499
chr20	46951150	A	G	-0.015	rs4809606
chr20	48623543	G	T	0.03	rs6019321
chr20	48764453	C	T	-0.016	rs6019409
chr20	48791877	G	A	-0.027	rs2208589
chr20	48861169	T	C	0.015	rs6012542
chr20	48885239	A	G	0.023	rs6090921
chr20	48968285	T	G	-0.019	rs6019562
chr20	49201278	A	G	0.02	rs13036715
chr20	49281680	A	G	0.022	rs238196
chr20	50374408	C	T	0.02	rs6067424
chr20	50394964	C	T	0.023	rs4811058
chr20	50431311	A	G	0.016	rs11907476
chr20	51515277	C	A	0.019	rs11696516
chr20	52407976	T	C	0.021	rs1033661
chr20	54106317	A	G	-0.019	rs209956
chr20	55578701	G	A	-0.015	rs2244665
chr20	58890888	G	T	-0.022	rs55830103
chr20	58977320	T	C	0.02	rs12479678
chr20	59032894	A	G	0.029	rs151356
chr20	59129870	A	G	0.037	rs75655984
chr20	59164774	G	A	-0.084	rs73306876
chr20	59214746	G	A	-0.027	rs7264385
chr20	62369258	T	G	-0.022	rs510634
chr20	62564039	G	A	0.017	rs4969531
chr20	63559968	G	A	0.017	rs3810477
chr20	63737253	C	T	-0.018	rs1151623
chr20	63778360	T	C	0.031	rs6062314
chr20	63797748	A	G	0.033	rs6062533
chr20	63928850	A	G	0.038	rs77947172
chr20	63945066	G	A	-0.029	rs2275293
chr20	64010641	A	G	-0.028	rs73153123
chr20	64076174	T	C	0.025	rs4372964
chr20	64093345	T	C	-0.023	rs6011292
chr21	14981488	C	A	-0.04	rs17274750
chr21	15182771	A	G	-0.03	rs116921259
chr21	15204463	A	G	-0.026	rs2823139
chr21	26557603	A	C	-0.019	rs2830281
chr21	34538052	T	G	0.023	rs71329073
chr21	36320209	T	C	-0.036	rs62229372
chr21	36337341	A	G	-0.018	rs2835336
chr21	36461453	A	G	0.02	rs219779
chr21	38272728	G	A	0.016	rs2836267
chr21	38534450	G	T	0.02	rs2836478
chr21	39916528	G	A	0.031	rs7276594
chr21	43301010	C	T	-0.071	rs79094191
chr21	43324660	T	C	-0.03	rs10084596
chr21	43349796	G	A	-0.024	rs762395
chr21	43409715	T	C	0.096	rs137923903
chr21	43592595	G	A	-0.025	rs1454651
chr21	45511195	A	G	0.027	rs12483377
chr21	46544346	G	A	0.02	rs12483320
chr21	46629251	G	A	0.018	rs10084620
chr22	19964609	T	C	0.017	rs4646316
chr22	19996688	T	C	-0.023	rs1034565
chr22	20167669	C	T	-0.016	rs373747
chr22	23545562	T	C	0.023	rs7364197
chr22	24769055	G	T	0.029	rs74815345
chr22	27861380	A	C	-0.027	rs73166732
chr22	27892544	A	G	0.029	rs17480516
chr22	28145037	A	C	0.033	rs9613569
chr22	28150358	G	T	-0.027	rs5762497
chr22	28504013	C	T	-0.027	rs5762664
chr22	28525359	A	G	0.032	rs9608690
chr22	28755772	A	G	-0.026	rs5762780
chr22	29033967	A	G	0.035	rs8140401
chr22	29055683	G	A	0.022	rs4823006
chr22	29065802	C	T	-0.022	rs134564
chr22	29102130	A	G	-0.025	rs5752866
chr22	29463517	T	C	-0.025	rs79310937
chr22	29527095	G	A	-0.019	rs73159006
chr22	30216960	G	A	-0.016	rs6518682
chr22	30414956	A	G	-0.017	rs4820847
chr22	38464066	T	C	-0.016	rs138413
chr22	39650171	C	T	-0.02	rs136829
chr22	42871825	T	G	-0.015	rs4822211
chr22	43641184	A	C	0.016	rs137739
chr22	49233964	A	G	-0.015	rs6009560
chr22	50027978	T	C	-0.041	rs73183332
chr22	50289363	C	T	0.016	rs28573806
chr22	50376675	T	C	-0.018	rs73188943
chr22	50660015	G	A	-0.017	rs9616900
